"","seqnames","start","end","width","strand","SequenceName","Sequence","Group.Name","Request.ID","GC.Percent","Exonic_Intronic"
"1","chr4",90757054,90757174,121,"-","747793_36360126_SNCA(6622).97_11","ATGCTTCTAACTCATACTGTTACCCTTTAGACCCCGGGAATTTAAAAAAGGGGTTAATCTTTTCATGCAACTCCACTTCTGAAATGCAGTAATAACAACTCAGAGGATTCATCCTAATCC","SNCA(6622)","747793","38.33","Intronic"
"2","chr4",90745580,90745700,121,"-","747793_36360116_SNCA(6622).87_15","AGATTTTATAACAAGAAAATGTTCGTTTCAAGCAAAATTTTCAATTCACGTCCTTGAAAAGGAAAAAAATGACAACTTGAAACACATAATTGACTATTTTTAAAGGATCAACATTTCAGA","SNCA(6622)","747793","26.67","Intronic"
"3","chr4",90710085,90710205,121,"-","747793_36360085_SNCA(6622).56_18","TATGTTGACTTACACATATATTTTATAACTAAGCAGTGTTTGGTTTGTGATAAAGGATACAAAAATATAAAAATGTTCAGCACACGTAAGTAAGGCCTTGTTGACAGTGTGAGTTATGCT","SNCA(6622)","747793","31.67","Intronic"
"4","chr4",90675657,90675777,121,"-","747793_36360062_SNCA(6622).33_11","ATGCTTCTTCCTTTGACTCTCATTATTATTTCCTTTACAAATTAATTAATAAAAACTTAGATGCTAAATTAGCACTTGATGAAAACTTATATAGCCTTGACATTTTGATTCTGTGAGTGA","SNCA(6622)","747793","27.5","Intronic"
"5","chr4",90716063,90716183,121,"-","747793_36360089_SNCA(6622).60_4","GGGTTCGAGAACTATTTGAATTCTCACCACTTTTCATAAGGGCAGATCTCAAGTTAAATTTTTCTATTCGAATTTAAATGACTTTCACTGGAATACCATTACAGAAAAGCTTCTGTGTTT","SNCA(6622)","747793","33.33","Intronic"
"6","chr4",90668048,90668168,121,"-","747793_36360054_SNCA(6622).25_3","TCTAACCACAGTCTTTAGGTAATTACAGCAGAAAGATTTTCAAGACACAAAACACCCTGGAAAATTTGACCTCTTATTTTGATTCAGGCCTTTCATTTCTTAAATATTTTCTTTAATGTT","SNCA(6622)","747793","30.83","Intronic"
"7","chr4",90728136,90728256,121,"-","747793_36360099_SNCA(6622).70_13","CTAGATGCCAGTGAAATCGTTTGAGCTAGATGGCTTGAGGGTCATAGCTTTTTTCATTTCCTGTTCTCAGACCTCTTATAATTGATAGAATAAAATCAGAAGAGCCCTAGAGCTGTCCCA","SNCA(6622)","747793","40.83","Intronic"
"8","chr4",90677775,90677895,121,"-","747793_36360063_SNCA(6622).34_13","ACTTTTTCATTCTGTCAAAAATATTGTATGCAGAGATATTGCTGTAAGTGTGTATACCTGTGCTTAAGAGACTAGGGCTGAAGAGAAGTAATCAACCGAACCACTGGTGTAAATGTGCGT","SNCA(6622)","747793","38.33","Intronic"
"9","chr4",90711941,90712061,121,"-","747793_36360085_SNCA(6622).56_2","ATTTAAAAATAGCTGGAAAATTTCAATCAGCATGAGTTTGAAGCAACAATTTATCATCACCTTTTATGGTGGGTGGGGTTAAGAACATTTCAGCGGGCAAAGTGGTGGTGATGGGGAAGA","SNCA(6622)","747793","39.17","Intronic"
"10","chr4",90677549,90677669,121,"-","747793_36360063_SNCA(6622).34_15","ATATACCTTCTTTTATTGAATGACTACCTGGCTCTTTCTATTATATATGCAGATTTTGTACCTCTGGTCATCTTTGTAAATGGTGCCTAAAAGATATTTGAAGAATAAGTGACCAGCAAT","SNCA(6622)","747793","32.5","Intronic"
"11","chr4",90708022,90708142,121,"-","747793_36360083_SNCA(6622).54_6","TGATCTGGCCACGTGTGTAGTCATGCCCAAAATGTGAAGTCCATCTGTTTTGCAATTTTTTTTAACCACTGTTATCCAAATGCTCCTTGGATTTTTTTTATTAGTGGATATATTTTGGAG","SNCA(6622)","747793","35.83","Intronic"
"12","chr4",90682108,90682228,121,"-","747793_36360067_SNCA(6622).38_5","TGGGTAGCATTGCATTTCAAGTAATCTTTTAATTGTTAAAATTTAAGTTTCCAACATGAACATAAAATTTTCAACCTAAAAGAAATGAGTTCCAAATCTGAGACAAGTGAAAAAGGATAA","SNCA(6622)","747793","27.5","Intronic"
"13","chr4",90650598,90650718,121,"-","747793_36360036_SNCA(6622).7_2","ATCTTGTGAAAAATATCTTTGGACTATAGCTGTGGATTATTTCCTAAATAGTAAATTACTTGAGCAAAAAGTTTACATACTTTGAGGGTTGATAACCCATGTTGCCGCAATGTTTCCCCG","SNCA(6622)","747793","35","Intronic"
"14","chr4",90674613,90674733,121,"-","747793_36360062_SNCA(6622).33_20","CCGACTGTGACCATCCCAGAGGCCATTTACTTAACCCAGGTATTTCAGACCTGACAGCCCGAGGATAAACACGATTTCCCTCCATCACTAACTTCATCTGCAGGGCCTAAGCCTCCTTCA","SNCA(6622)","747793","50.83","Intronic"
"15","chr4",90738515,90738635,121,"-","747793_36360109_SNCA(6622).80_15","AGTTGGTATTTCTCACTCATATGAGAGCCCACTAATGGTACATAAACTGTCCCCACTTAGAAACACAATTATTATGGCCTTTCTTTGTATCTGACAAAATTTCACTGGGTTCAAGATGGA","SNCA(6622)","747793","37.5","Intronic"
"16","chr4",90683932,90684052,121,"-","747793_36360069_SNCA(6622).40_10","ATACGTACCTCAATTAAAGAAGCTATAACAAGTAGAATGTTTGGAAAAGTGCCGGGTACACCATAAGCCCACTATGAGTATTGGATTGTATTACCTCTGAAAGCTGCAGAATGGAATTCT","SNCA(6622)","747793","38.33","Intronic"
"17","chr4",90687873,90687993,121,"-","747793_36360072_SNCA(6622).43_5","AAAGATGCTCCATAACTCTTAGTTAAACTGCACTAATTACACATAAAAGGAAAATGTTTCATTTCACTGTAATTTGGAAACCAAAGAAAGAAAAGACTGAATTTTTACATACTGTTAAAG","SNCA(6622)","747793","28.33","Intronic"
"18","chr4",90730777,90730897,121,"-","747793_36360101_SNCA(6622).72_6","ATATCATGAAATGATTTGAGAAAAAAATGTATATTTGTTACAGCTAACAAATATTTGTGTTTTTTATTCTTCATGGAGAGAATGAAATTTCTTCTCTTCTTTACACATTTCTTTTTCTTA","SNCA(6622)","747793","23.33","Intronic"
"19","chr4",90678679,90678799,121,"-","747793_36360063_SNCA(6622).34_5","ACTTAAAACAAACCTGTCACTGAGCAGAACTCAAAACACCAGAGCCCTTTGCCAAATGTGATTTTTTACAACAGGAGCGCTGGCAGTTGAGAGGAGTATTCTGTCACACTTGAGAGAATT","SNCA(6622)","747793","42.5","Intronic"
"20","chr4",90687757,90687877,121,"-","747793_36360072_SNCA(6622).43_6","AAAGAGATTGCGTATCTGTTCTAAGTTTAAGACAGAGGCAAAATGTATTTTATTCATTTGTCCTGCACCGTTTAGAAATAAAATTCAACTTCCTTTTAATTTTTTTTAAGAATAAAAAAC","SNCA(6622)","747793","26.67","Intronic"
"21","chr4",90650307,90650427,121,"-","747793_36360036_SNCA(6622).7_5","ATGAAGAAGGAGCCCCACAGGAAGGAATTCTGGAAGATATGCCTGTGGATCCTGACAATGAGGCTTATGAAATGCCTTCTGAGGTAGGAGTCCAAGCTGAATCTTTCTAACAAGACAGTA","SNCA(6622)","747793","45","Exonic"
"22","chr4",90742533,90742653,121,"-","747793_36360112_SNCA(6622).83_1","TAAATCAAGCATACCCTTGCCCTGACACGTTCTTGGGGAGGCCTGCCCTAATCTATATAAAATTGGAGCCATTCTTCTCACCTCTGGTATTCCCAGTCTCCCTACTTTTTTTCCTTCTTT","SNCA(6622)","747793","44.17","Intronic"
"23","chr4",90659408,90659528,121,"-","747793_36360046_SNCA(6622).17_2","GCTTGACCCATCTTCACATCGTTAATGTCTTATTCAGTCACTACCCAAGGGGCTGACCTTCAAGATTCTAATCCATGAAAGCTTAAAATAGTAAACAAATTTGAATATAGTTTAACATAC","SNCA(6622)","747793","35","Intronic"
"24","chr4",90670014,90670134,121,"-","747793_36360056_SNCA(6622).27_4","AAAATATTCAGTACCGTATATTGTGCATTCCTTCTTTATCCACATACTTAAGCTGCTGCAAGCATCCCATTGATAACACCAGTAATAAAAGATGGGACCATCAGTAATGAGATTTGAAAG","SNCA(6622)","747793","35.83","Intronic"
"25","chr4",90713181,90713301,121,"-","747793_36360087_SNCA(6622).58_3","AGTCATGACCAGGGGATTGGCTATGAGAATACATAAGCTGTGCCAGGAGTAATCCAAGGAGATTGTTTCAATTTGGAAGAGTGTCCACAGAATGATTCTCATACTAGACGTTGGGCTATT","SNCA(6622)","747793","42.5","Intronic"
"26","chr4",90655548,90655668,121,"-","747793_36360041_SNCA(6622).12_3","TTACAAACAATTGGTGATGTCGGGCAGTGGTTTCCAAGGAACATACTTAACAAGACACTCACAAGGCCCTACAAACCTGCATTTTTAACAAGGGCCCTAGATGATTCTAGAAGAGTGTGG","SNCA(6622)","747793","43.33","Intronic"
"27","chr4",90737706,90737826,121,"-","747793_36360108_SNCA(6622).79_5","CATAAATGTTTAACATAGCTTAAAATTCTGTGGACTGCAACGTGAGAGCAATGACCACACTTCTGTGAACCCATTTTTACTGTGCATGTGCTAACGTCTATTGTTAGTATTCCTTCACTT","SNCA(6622)","747793","37.5","Intronic"
"28","chr4",90710317,90710437,121,"-","747793_36360085_SNCA(6622).56_16","TAATCAGTTCTGTCTTTATTCATTTGTGAGAATTTTTGGCAAGCTATTGTGAATATTCAGGGAAGGGAATGTATTTTTAGCAGGAATCTTATACCTCCTACATAGAAATGAAGCATTTAC","SNCA(6622)","747793","32.5","Intronic"
"29","chr4",90676469,90676589,121,"-","747793_36360062_SNCA(6622).33_4","TAAAAATCTTTTTGCTTCTTTACTGCCCCCCTTTGTCAGGAGTTCTGAGGAACTGTTTTTTATCTTAAGTCTCACAAAGCATTTAGGAGAATATTTAAACTTAAATTCTTTTAAAACTTA","SNCA(6622)","747793","30","Intronic"
"30","chr4",90742528,90742648,121,"-","747793_36360112_SNCA(6622).83_2","CAAGCATACCCTTGCCCTGACACGTTCTTGGGGAGGCCTGCCCTAATCTATATAAAATTGGAGCCATTCTTCTCACCTCTGGTATTCCCAGTCTCCCTACTTTTTTTCCTTCTTTCTTTC","SNCA(6622)","747793","45.83","Intronic"
"31","chr4",90731125,90731245,121,"-","747793_36360101_SNCA(6622).72_3","GTGTTTATTTTGTGTATGAACAAAGACTTTATATATAGTTTGGGTCATTTTTATTCATTAGTGCTTCCCTTATAATCTCTGAATACCATTTTATTAGTACATACTGCTATTCTTAATAGT","SNCA(6622)","747793","26.67","Intronic"
"32","chr4",90708718,90708838,121,"-","747793_36360084_SNCA(6622).55_4","ACTTCGAAGTAGCATACATTATTTCCTTTCTCATTCCTTTGGATACCAGCCACAATTTATTCAAGGTAGACAGAAAATTGTAGTATATAGCCATATGCCCTGACAAAGAAGGGAGAACAG","SNCA(6622)","747793","37.5","Intronic"
"33","chr4",90734634,90734754,121,"-","747793_36360105_SNCA(6622).76_4","GGGGGCAGGTCTAAGTAGATTGCAGCTGTAAAATTGGCTGATGAATGATCTCAGCCCCTTTTACTCACACTCAAAGGCAGGACAGTCCATTAAGGGGAAGGAGGGCAGAGTTTTTCCTTA","SNCA(6622)","747793","47.5","Intronic"
"34","chr4",90743777,90743897,121,"-","747793_36360113_SNCA(6622).84_2","ATATTCATGCTGAGTCTGGTTCAAATATAACTGCACCTGTAAGAATTGCTTTCTGTAAACTTTCCATAGTATAAACCAAATCCAAATCACTCATGGCTTTACATTCCTGATCGTTAAACT","SNCA(6622)","747793","34.17","Intronic"
"35","chr4",90666918,90667038,121,"-","747793_36360054_SNCA(6622).25_13","GCACAGTGCTTAACATCCAAGTCTGAAGAGCTAATAGTGAAATTGGGGCATCAGCTACAGAGAGATTTAGGGGAAGTAACAGGCAGGTTAAATATTTTATGGAAATGATTTCTGTTCTGT","SNCA(6622)","747793","39.17","Intronic"
"36","chr4",90740667,90740787,121,"-","747793_36360110_SNCA(6622).81_6","ATAATAATTCAAAGAATACTCTAATAAATGTCTGCAATTGTGGTCACATCTATGGGATGCTAAAAAATCTGGATGGTTTCAATGAAAGTATTTAATTTGTTCATTATGAACTTTGAAATA","SNCA(6622)","747793","26.67","Intronic"
"37","chr4",90687409,90687529,121,"-","747793_36360072_SNCA(6622).43_9","GGACAGAAATTGTATGGATTTAGTGTAAGTCTTGGGATCTCACAAGTGTCAGTATTTCACTCTCCTCCATATCTTGATAGCAATAACTTGAAATAGGATCTCAGTAGCTCAAGCAATACT","SNCA(6622)","747793","37.5","Intronic"
"38","chr4",90664231,90664351,121,"-","747793_36360053_SNCA(6622).24_20","CTCTTTGTCAAAATGTTTTCTACCATCACAGCCTTCAATGATCTTTCTGGTTCCTTTATCTCCTGAAGTCTGACTTCTACCTCCATCTTTTTCTGGACTATTCAACACACTTTGAGAAAA","SNCA(6622)","747793","37.5","Intronic"
"39","chr4",90684380,90684500,121,"-","747793_36360069_SNCA(6622).40_6","GATACCCATAGGCCTTTGGTGTCTGAATAGAAATAAACACACCTACAACTGAGAGAGGAAGCATGTGAAGCATTCCAGTGAACAGAGGCCATTTATTCAGTCACAGACACAGGAGAAAAA","SNCA(6622)","747793","42.5","Intronic"
"40","chr4",90727788,90727908,121,"-","747793_36360099_SNCA(6622).70_16","GAACCCAAATCAGCCAGACACACAGACATGGATTTTGCTGCCACCAAGGTTAATTCTTCTTTTAAAGTTAACTTTTAAAATTTGGTAAAATATAGCTTTGAAAATTTGCATTCGTCTAGT","SNCA(6622)","747793","33.33","Intronic"
"41","chr4",90676005,90676125,121,"-","747793_36360062_SNCA(6622).33_8","ATAATTATATTTGAAACGTTCAAGATTTTCCAATGAATTTCTTTTGCATTTGCGTATTTGTGCCTTTTTATTATAAAAATAGGTGGCTTTTTAGTTCCACTGCATAAGTTTCAACATAGG","SNCA(6622)","747793","28.33","Intronic"
"42","chr4",90756358,90756478,121,"-","747793_36360126_SNCA(6622).97_17","ATTTTGCCCTAATATTTATGACTTTTTAAAAATGAATGTTTCTGTACCTACATAATTCTATTTCAGAGAACAGTTTTAAAAACTCATAGTCTTTTAAAAAATAATCAAGAATATTCTTAA","SNCA(6622)","747793","21.67","Intronic"
"43","chr4",90662492,90662612,121,"-","747793_36360051_SNCA(6622).22_2","AAAAAGGTTTTCTTAAAAAAATAAAATTAGCAATAAGATGAAATATAACAACAATATAATCTTATTAAGACAATATATGATATACATTTATCAAAATACTTATATTTTCAAAAGTGCTTA","SNCA(6622)","747793","16.67","Intronic"
"44","chr4",90682996,90683116,121,"-","747793_36360068_SNCA(6622).39_3","CATTATCACAGTTTAGGGCCTGCTCATCTTTCCCCCAATCTCCAATTAGATCTCTCCACAATGCAATTCTGCACATTCCCTGTTACAACCCTTCAATTATTTCCCAGCCCATCCAAAATA","SNCA(6622)","747793","42.5","Intronic"
"45","chr4",90749224,90749344,121,"-","747793_36360119_SNCA(6622).90_2","TTTTTGTAGGCTCCAAAACCAAGGAGGGAGTGGTGCATGGTGTGGCAACAGGTAAGCTCCATTGTGCTTATATCCAAAGATGATATTTAAAGTATCTAGTGATTAGTGTGGCCCAGTATT","SNCA(6622)","747793","41.67","Exonic"
"46","chr4",90750271,90750391,121,"-","747793_36360121_SNCA(6622).92_2","CAATTTTTTACAAGCATAATTTTAATAATACACATAATAATTATTTGTATTCAAGTTTAGTAATGTTCAAGGTTTGGAAGAAATTCTGATCCTGTGTAGAGACCCTAGTTTGAATGTGCT","SNCA(6622)","747793","27.5","Intronic"
"47","chr4",90711361,90711481,121,"-","747793_36360085_SNCA(6622).56_7","TGCTATAAAATGGTGAATCCGGACAGCTGAAGATACTGAATAATAACCTCTATTTTGAACAAGTTTACAGTGTTCCAATCAGTAATTAAATTGATACCTGATGAATATATGTGTGTGTAT","SNCA(6622)","747793","31.67","Intronic"
"48","chr4",90737823,90737943,121,"-","747793_36360108_SNCA(6622).79_4","TTGCGATGATAGTTTTGTTTGTCAAAGAAATGTATTATAGGATGAGTGGGATAGAACTGCATCACGTTACACCAACAAATAGGTTTAAATCATATTTGTGCACTTCCCTTGTTCCTTCAT","SNCA(6622)","747793","35","Intronic"
"49","chr4",90647709,90647829,121,"-","747793_36360031_SNCA(6622).2_3","TGATTTTTCTAATATTAGGAAGGGTATCAAGACTACGAACCTGAAGCCTAAGAAATATCTTTGCTCCCAGTTTCTTGAGATCTGCTGACAGATGTTCCATCCTGTACAAGTGCTCAGTTC","SNCA(6622)","747793","40","Exonic"
"50","chr4",90726890,90727010,121,"-","747793_36360098_SNCA(6622).69_2","AAAAGTAATTTTATAAGAAAATGCAGAACATAAATGAGCCCATAAAAAATTATATTAGGTTCTATTTACATTACTACCTTCTTTCACATGTAATATTTCACTAACATTTAATGAATTTCT","SNCA(6622)","747793","22.5","Intronic"
"51","chr4",90687177,90687297,121,"-","747793_36360072_SNCA(6622).43_11","CAGCACCAGGCTTGCCCTTCAGAATGATTCTAGACCAAATGCCAGAAATGCTCTGGTTCTGACTACAGAGTTCTATTCACAAATGACAGGAGGCAAGAGGTCCTCCTCACTTTCAGAAGA","SNCA(6622)","747793","46.67","Intronic"
"52","chr4",90734154,90734274,121,"-","747793_36360105_SNCA(6622).76_8","CCTTCACTTCCGTCCGAGGCCTAATCTGAGCCCATGGGAAACCTAAGAACCCCTACCACAACTGCCTCAACTCTTGGGAATCAGGGTGTATGGGGGTGACAGGAAGTGAGCATACATTCT","SNCA(6622)","747793","52.5","Intronic"
"53","chr4",90726656,90726776,121,"-","747793_36360098_SNCA(6622).69_4","TTTACACCTCATTCCCATATTAAATCTCAGAAAAGCTAAAGTAATAGCTATCCCAGATCTATTTTAGACTCCAGACACTTACTTCAATGTCTTGTTCTCCTTATCAGACTGGAATCATTC","SNCA(6622)","747793","35","Intronic"
"54","chr4",90753740,90753860,121,"-","747793_36360123_SNCA(6622).94_5","AATTATCTTTATATAATGCTCAGTAATATAAATGCAATAAATACAAGAAAATGATGATCTTTGAGTGTCTTCCAATGCCACTCTGCTCAATAAGCAGCAGTGGCCATCAGTGAAATTGAT","SNCA(6622)","747793","32.5","Intronic"
"55","chr4",90744547,90744667,121,"-","747793_36360114_SNCA(6622).85_1","TCTGGCTTATTTAACTGAACAAGAAAGTTTTTGACATGAAATTAAACTTCTGCTTGTAAACTCAATTCAAACTATTTACACTGTCTTCTCAAAAATGTTAACTTATTTTAATAAATCTAC","SNCA(6622)","747793","25.83","Intronic"
"56","chr4",90649353,90649473,121,"-","747793_36360034_SNCA(6622).5_1","ATCACAAGAAAAGAAACTATATAATGGCTCCATTAAAAATTGAGTTCAAGTATGTTGTAGTTTGGTTATGTATTATTCCTCACGGCATTATTAAAAGGCATGTCGAGGATGGGCACAGCA","SNCA(6622)","747793","35","Intronic"
"57","chr4",90675425,90675545,121,"-","747793_36360062_SNCA(6622).33_13","GTGATTTAAATATAAATTTTTATTATTTGCTTTAACTTATTTCCGGATTAAAAAGTAAATGTTTACCTAGCTGTTCTAAATGGTAATCCTCATGATTAAAACAGCAATTTGTCATATTTC","SNCA(6622)","747793","24.17","Intronic"
"58","chr4",90756242,90756362,121,"-","747793_36360126_SNCA(6622).97_18","TTAAGAATCAAAATCATTGATGGATCTGTGATTTCTTTTACCATCATGAAAAATGTTTGTCAATTTTAATCCATTCTGATTTTTAAAATATGACTTTGATATGCCCCTGTGATGTGTATA","SNCA(6622)","747793","27.5","Intronic"
"59","chr4",90681769,90681889,121,"-","747793_36360067_SNCA(6622).38_8","CTATGTCATTATATACAGAAATGCAATATCAATAAAGTGATATCTGTTGGTATTAGAAAAAAGTGAAAATTTTCATATCTTTCTATTTTCTTTTTTCCTCAATGGGATGCTCTTGTTAAA","SNCA(6622)","747793","25.83","Intronic"
"60","chr4",90672814,90672934,121,"-","747793_36360060_SNCA(6622).31_9","ATATCGGATGTTTTTGTCTGTGTCTCTTCCTGGAACAAATGTTAATTAATCTCTTTGGGTTTGTATGTCAAGTGGAGGGGTGGGGATTGGGGACAGGTGATAGTTGTCTAGGGAGTTAAC","SNCA(6622)","747793","42.5","Intronic"
"61","chr4",90665739,90665859,121,"-","747793_36360053_SNCA(6622).24_7","TTCAACAGAGTCAGACATTCTCTTCCAGGTTAAATTTGGTGAGTCTGCTAGGAAAATAAATTTTGTGCACTGGTCATTCTGATCTAGTGGACGTTCTAATAAAAGCACCTTTGTGCTGCC","SNCA(6622)","747793","40","Intronic"
"62","chr4",90721199,90721319,121,"-","747793_36360093_SNCA(6622).64_6","ACTTTCTCACAACTTAAATCTTTAATCTATTGTGTGGATTTCTGACTCATTCTCCAAGCTTTTCCTCTTCCCTCCGCAATGCCTTATAGTCTTATGACTATTTATCCCTTTGCCTACATT","SNCA(6622)","747793","36.67","Intronic"
"63","chr4",90693963,90694083,121,"-","747793_36360076_SNCA(6622).47_13","AAACACTCAATATCTGTTTTCCTGGAATGTTAAAAGACAAAGAAGAAAACTTGGGGAACACTAGATGCATATAGTTCTGGTTCTTTAAGAATAAAAATATGGGCCGGGCCCGGTGGCTCA","SNCA(6622)","747793","39.17","Intronic"
"64","chr4",90670916,90671036,121,"-","747793_36360057_SNCA(6622).28_1","CATGTGTATTTACACATATATTTTGTGCATGTATATTTTTAACTAAAAATGTGCTAGGAGTTAGATATGAACTGATTTTGGAGGAGGTGATATGCTGTAGAGAGAGAGAATGGGAGAATA","SNCA(6622)","747793","32.5","Intronic"
"65","chr4",90709969,90710089,121,"-","747793_36360085_SNCA(6622).56_19","TGCTACTGGATACTCAAAAGGAACATTCAGTGTTCTCAGGTGGTCTCTAGACTGTCTCAAGCCTAGGAAGATATTTTATAAGCAAAGGAATAAGAGAAGGAAGATTCAGATTTAATCCAA","SNCA(6622)","747793","37.5","Intronic"
"66","chr4",90757866,90757986,121,"-","747793_36360126_SNCA(6622).97_4","ATTAAATATTATTTGGGAATTGTTTAAATTTTTTTTTTAAAAAAAGAGAGAGGCGGGGAGGAGTCGGAGTTGTGGAGAAGCAGAGGGACTCAGGTAAGTACCTGTGGATCTAAACGGGCG","SNCA(6622)","747793","40","Exonic"
"67","chr4",90707056,90707176,121,"-","747793_36360082_SNCA(6622).53_2","ATGTTATAATGATCATCCTTACATCTAAATCTTGGTTTACATTTTCATCAATTCTTTTGGAAAGATTGGAGAAGTAAATTTTGGAGATGTATGTCGGCTATTAAAAATGTTTAATTTTTT","SNCA(6622)","747793","25.83","Intronic"
"68","chr4",90715615,90715735,121,"-","747793_36360089_SNCA(6622).60_8","ACAAACCTTTGTGCAGTGGTAATTGAAGCAGTTCCTTGGGAACATGTATTAAGTACTTTTTAGCAGTTAAGTCCACTCTCTGTAGGTTAAGGAATATTTAAATAAAATAATGTGGCAAAT","SNCA(6622)","747793","33.33","Intronic"
"69","chr4",90687293,90687413,121,"-","747793_36360072_SNCA(6622).43_10","TACTGGGCTCTGAGAGTTGGTTAAAAATTATTTGGCTGAGCGCCTGTTGCTGAGGGAAGAACTAATCTCGAGCATATTTTTGGAGCCAAATACCAAATTGTTTGTGCTTAGCAACACAGC","SNCA(6622)","747793","42.5","Intronic"
"70","chr4",90645686,90645806,121,"-","747793_36360030_SNCA(6622).1_7","AGAGGACAGAACTAGACTGATAGCAGTGACCTAGAACAATTTGAGATTAGGAAAGTTGTGACCATGAATTTAAGGATTTATGTGGATACAAATTCTCCTTTAAAGTGTTTCTTCCCTTAA","SNCA(6622)","747793","35","Exonic"
"71","chr4",90739223,90739343,121,"-","747793_36360109_SNCA(6622).80_9","TCCTGACTTAATTCATAAAAGGATAGCTAGCCAGTTGTGTGCTAGATGAATAAAAAAAAAGCAGGTTTTAAAATGTCAGGTTTGACATTGTGAATATAATATCTAAGTATCCTTTTACTC","SNCA(6622)","747793","30.83","Intronic"
"72","chr4",90648482,90648602,121,"-","747793_36360032_SNCA(6622).3_3","TCTGAGAACAGTGAATAATTATGACTCAAGCTTAGGAACAAGGAAAATGGTGATAGATTGAATTTGCAGCTATGGGTCAAAGACAAGTTATAGAGTATTAGGATAATCTTGTCATTTCAG","SNCA(6622)","747793","34.17","Intronic"
"73","chr4",90663767,90663887,121,"-","747793_36360053_SNCA(6622).24_24","TGTATTTCTGAAGTCTCAACTCCAATCTCATATTTTCAACTTATATTTATGGAGGCATCTCAGACTCAACCTACCTAAAAAATGGCTTATCTGCCCTAAAATCTACTTTGTTCTTTTTTT","SNCA(6622)","747793","32.5","Intronic"
"74","chr4",90753632,90753752,121,"-","747793_36360123_SNCA(6622).94_6","AGTGAAATTGATAGCAAATTCTCAAGTCAAAATGTGCTTCACCTCACTAAGCTGACAAAGTCAACATAACATGCACAACAGGGATAACTGAGTTCTCAAAACTCTCAGGTATTACTTCTG","SNCA(6622)","747793","37.5","Intronic"
"75","chr4",90702113,90702233,121,"-","747793_36360078_SNCA(6622).49_24","CTACTAATTTAATTAATGACAAATAACAATACATTAAAAGAAATGCATTAATAAAAATAATATATTGGTGTTATAGACAATAATTTTCTGATTAACTTTATTATTATTATTTCAATAGCT","SNCA(6622)","747793","16.67","Intronic"
"76","chr1",155194083,155194203,121,"-","747793_36360024_GBAP1(2630).12_2","GCATGTAATAAGCACTCATGAAAGACTGACTATTATCTTGCGAAAAATTGGAAGAGATCATATGAGGTACAAGGACCTTCCATCTGCACTGGGCTGTACATTGAATGTTGTGGTTACTGT","GBAP1(2630)","747793","40","Intronic"
"77","chr1",155191495,155191615,121,"-","747793_36360019_GBAP1(2630).7_2","TTAAAACTAACTTTACTTAGAAAATAAAATAGAAAATCCTCAAGGACAAATCACATTGTACAGGAAATATGAAATGTGAAATAATATCCACCTTGGAAATTTTTTTTTTTTGAAACAGAG","GBAP1(2630)","747793","25","Intronic"
"78","chr1",155191578,155191698,121,"-","747793_36360019_GBAP1(2630).7_1","AGGAAGGCAGGAAGGAAGGAATCCAGTCGAGATCGTTAAATTTGTTGTAATTTTGTCTTTGGCACAATAAACATTAGTCCTTATTAAAACTAACTTTACTTAGAAAATAAAATAGAAAAT","GBAP1(2630)","747793","30","Intronic"
"79","chr1",155189534,155189654,121,"-","747793_36360015_GBAP1(2630).3_2","TCCTTCACATGTCCACTAAGCATATGGCCTTTTACAACACTTTCTGGTTTCTGAACTACTTTAAAACCTCACTGTCCTGTGAGGAAGGAAGAACAGTTATTACAATCTGCATCTGGAAGC","GBAP1(2630)","747793","40.83","Intronic"
"80","chr4",90758428,90758548,121,"+","747794_36360130_+.2_2","TGCTCCTCGTCCCTATCTCGGATGGGGATGGGGCAGGGGGCGCGGGGTGAGCCATCAACTCCAGCCGCCTGCCTGGCCGCGCAAGGCGGGAAAGTGGGGGCGCTTTTGCGCCTCACGTTA","SNCA-AS1(644248)","747794","68.33","Intronic"
"81","chr4",90761013,90761133,121,"+","747794_36360134_+.6_1","TTTAAGTGGCAGAGCTGAGACAATTTAGCAGAAACTGTTACAGAAGGCACAATTGTCTCCTGAATTAGCAGTTTGTGTCTGAAGCCTCACAGATTGGGTGTGGTAAAGAGTGAGAAGGAA","SNCA-AS1(644248)","747794","42.5","Intronic"
"82","chr1",155195392,155195512,121,"-","747793_36360027_GBAP1(2630).15_1","GCGTGAGCCACTGTGCCCAGCTGGTGTTCAGTATTTGAATCCATATTTCCTGTAGCCGCAACCAAAGTTCCACTGTTAGGTCTCACTTTGACTTTAATAATTGTGTTCAGGCTGGGCACA","GBAP1(2630)","747793","46.67","Intronic"
"83","chr4",90757976,90758096,121,"+","747794_36360129_+.1_5","AATATTTAATAGGAAAGAAGAAGGAAAAGGAGCGCACAGGAAGGGCGGAGGCGGCACCCGGGGGGGACTGTCCCCAGAGGAGGCCGCTGTGAGCCGGCGACGCGAGGCTGGGGGAGTGGG","SNCA-AS1(644248)","747794","64.17","Intronic"
"84","chr19",45411377,45411497,121,"+","747793_36360001_APOE(348).4_6","CTCTCAGCTTTGTCTCTCTCTCTTCCCTTCTGACTCAGTCTCTCACACTCGTCCTGGCTCTGTCTCTGTCCTTCCCTAGCTCTTTTATATAGAGACAGAGAGATGGGGTCTCACTGTGTT","APOE(348)","747793","49.17","Intronic"
"85","chr1",155185121,155185241,121,"-","747793_36360013_GBAP1(2630).1_5","TTGGGCAACTCTGGGGAACCATGATTCCCTGTCTTGCCTTTCCTTCACAGGTCTGCACACCTCATTGCCCCTTTTGCAACTACTGAGGCACTTGCAGCTGCCTCAGACTTCTCAGCTCCC","GBAP1(2630)","747793","54.17","Intronic"
"86","chr4",90761129,90761249,121,"+","747794_36360134_+.6_2","GGAAAAAGGTAGAACCCAGCTGTGTTAGAAATAGCCTTCAAATTTGGATGTGACAATGGAAATCAAGAAGAACTTATGTTATTATGAAACAGTTCATTCATATTTAAAGTTTTGCCTTTT","SNCA-AS1(644248)","747794","31.67","Intronic"
"87","chr1",155196735,155196854,120,"-","747793_36360029_GBAP1(2630).17_5","TGACGATTGGCAGGCCACTGCCTTTGATGAGCTGGGCGCTATAACTGCCATTAAGCCATTTGTACAATTAATCACAACAGTGATAAGAGCGACAAAGGAGCTATTCGGGTGGCTGAGGC","GBAP1(2630)","747793","48.74","Intronic"
"88","chr1",155187959,155188079,121,"-","747793_36360014_GBAP1(2630).2_10","TCAATAAATCCTTTTGAGTGACTGAGACCAACTTTGGGGTGAGGATTTTTGAAACCGTCTTCAGTCTCTCCAAACAGCTGTGTCCGTTCTCCACATCCTTGTCAGACCTCACCTCTGCTT","GBAP1(2630)","747793","45.83","Intronic"
"89","chr19",45409312,45409432,121,"+","747793_36359998_APOE(348).1_4","AGAGCAGCTGGACTGGGATGTAAGCCATAGCAGGACTCCACGAGTTGTCACTATCATTTATCGAGCACCTACTGGGTGTCCCCAGTGTCCTCAGATCTCCATAACTGGGGAGCCAGGGGC","APOE(348)","747793","55","Intronic"
"90","chr19",45410474,45410594,121,"+","747793_36360000_APOE(348).3_2","AGTGAATACCAGACACGGGGCAGCTGTGATCTTTATTCTCCATCACCCCCACACAGCCCTGCCTGGGGCACACAAGGACACTCAATACATGCTTTTCCGCTGGGCGCGGTGGCTCACCCC","APOE(348)","747793","58.33","Intronic"
"91","chr4",90762289,90762409,121,"+","747794_36360134_+.6_12","GGAGAAGCATAGTATTCAGATTCTCTAATTTGACCCCATGGCCAACTTCATATTGTTTCCACTAGATATCATTTTAAATATTCCTGTGGTTTCGTGGTCCTAAGAATATGAAGGCATGCA","SNCA-AS1(644248)","747794","37.5","Intronic"
"92","chr1",155208169,155208289,121,"-","747793_36360005_GBA(2629).3_5","TCAGGCCCTGAGGGCCCTGATGTCTGGGGGTTGAGAAACTGTAGGGTAGGTCTGCTTGTACAGACATTTTGTCCCCTGCTGTTTTGTCCTGGGGGTGGGAGGGTGGAGGCTAATGGCTGA","GBA(2629)","747793","56.67","Intronic"
"93","chr4",90758216,90758335,120,"+","747794_36360129_+.1_7","GGGCCGGGGTCTGCGCTGCAGCCCGCACGCACCTCACTTCCGCGTCGCGGCGCTCGGTCGCTCGCCCCCTCTCTTGGGCCCCTTCTGGTCGTCGCCGTCCTCCTCCTCCTAGTCCTCCT","SNCA-AS1(644248)","747794","73.11","Intronic"
"94","chr1",155196854,155196974,121,"-","747793_36360029_GBAP1(2630).17_4","TCATTCTTCGGACATGTGACAAACGTTCACGGAGCGCGGCAACGAGCGCCGGTGTCGCGATGCGCACTGGGGCTGCACATGGGAGCCAGGATGGACTGGACTGGTCCCTGCCCTGCCCGC","GBAP1(2630)","747793","65","Intronic"
"95","chr1",155213809,155213929,121,"-","747793_36360010_GBA(2629).8_1","CGTGAGCCACCGCGCCCGGCCAACCATCATTATTATTTTTAACGGTAAGGATGGTCAGATTTTACTAATGAAGAAGAGATTATAAAATCTTCAAGTCTTTATATCCACTTGCTTTTTGAG","GBA(2629)","747793","38.33","Intronic"
"96","chr1",155209873,155209993,121,"-","747793_36360006_GBA(2629).4_1","TGTGAGCCCCTGCGCCCGGCCAAGGGGTGAGGAATTTTGAAACCGTGTTCAGTCTCTCCTAGCAGATGTGTCCATTCTCCATGTCTTCATCAGACCTCACTCTGCTTGTACTCCCTCCCT","GBA(2629)","747793","54.17","Intronic"
"97","chr1",155189213,155189333,121,"-","747793_36360015_GBAP1(2630).3_5","CCTGTGTTGAAGGCATCCTGGATAATTCCCCACCCACGAATGGTCCCTCCTCATCTCAGAGAGCTCTCCATGCACACCTGTTACTGTTTCTGTTTTTACCTGTAAATATCTGTGTCTGAC","GBAP1(2630)","747793","47.5","Intronic"
"98","chr1",155189003,155189123,121,"-","747793_36360014_GBAP1(2630).2_1","TTTGTTCTTTGTTTTTTTTTTGGTATTAGCTTTATTTGTATCATTTTGAAATTTTTATCAAAAAAGCAGCGTGCCTGCTGTGGTTCCCATCCTCTGGGATTTAGGAATCTTTACCCGATT","GBAP1(2630)","747793","33.33","Intronic"
"99","chr1",155206939,155207057,119,"-","747793_36360004_GBA(2629).2_5","GCGATTTCTCTACCCAACTATGGATTCCTAGAGCACCATTCCCCTGGACCTCCAGGGTGCCATGGATCCCACAGTTGTCGCTTGAAACCTTTCTAGGGGCTGGGCGAGGTGGCTCACT","GBA(2629)","747793","55.93","Intronic"
"100","chr1",155188423,155188543,121,"-","747793_36360014_GBAP1(2630).2_6","CATCATGGCTCTTTGAGCAAGGCACAGATGGAGGGAGGGGTCGAAGTTGAAATGGGTGGGAAGAGTGGTGGGGAGCATCCTGATTTGGGGTGGGCAGAGAGTTGTCATCAGAAGGGTTGC","GBAP1(2630)","747793","55","Intronic"
"101","chr1",155186451,155186571,121,"-","747793_36360014_GBAP1(2630).2_23","CTGGTTCCACTTCCAGATCTGCCTGTCCTCAGCTCACCTTTCTACCTTCTGGGCCTTTCAAACTTGGATCTGTCAGTCTTGCCCACTCCATCAGGCTTCCTGTTCTCTCGGTCTGGCCCA","GBAP1(2630)","747793","54.17","Intronic"
"102","chr1",155193638,155193758,121,"-","747793_36360023_GBAP1(2630).11_1","GACAAAAACAAACCAAAAAAACCCACACCCTAGTGGGTAAGGGGCAGCAGAGGTCCCACCCAAGAGTGAAATCATTTTTGGTGTCAGTAATCAGGGAGAGTAATATACCCTCAGGCCAGA","GBAP1(2630)","747793","46.67","Intronic"
"103","chr1",155210536,155210656,121,"-","747793_36360007_GBA(2629).5_13","GAGCTGCACCCAGGTTTCTGTGGGCCTTGTCCTAATGAATGTGGGAGACCGGGCCATGGGCACCCAAAGGCAGCTAAGCCCTGCCCAGGAGAGTAGTTGAGGGGTGGAGAGGGGCTTGCT","GBA(2629)","747793","60.83","Intronic"
"104","chr4",90762057,90762177,121,"+","747794_36360134_+.6_10","CTGGAGCCACCTGCTTCTTATTCTCTATCTGCACCTTCCTCTCACCTTCTGTAAACCTGTGAGAGAGACGAGGTAGTGAGATTGCGATAGGCTTCTTGTGTAATTTCATAGTGGGTAGAG","SNCA-AS1(644248)","747794","46.67","Intronic"
"105","chr1",155205682,155205802,121,"-","747793_36360003_GBA(2629).1_6","TTGAGATGCCTGGATCTTCACACCCCCAACTCCTTAGCTACTAAGGAATGTGCCCCTCACAGGGCTGACCTACCCACAGCTGCCTCTCCCACATGTGACCCTTACCTACACTCTCTGGGG","GBA(2629)","747793","55.83","Intronic"
"106","chr4",90758634,90758754,121,"+","747794_36360131_+.3_1","CTTGTCCCCGCCTTTCCTCTGGGTCCTCCCGGGGACCACCCCCTACCCCTCGTCAGAGTCGCCCTGGGAGAGCCGAGGGCCTGAGGGTCGACCACCAAGGGCAGAGCCTATCCCTTGGGG","SNCA-AS1(644248)","747794","69.17","Intronic"
"107","chr1",155185601,155185721,121,"-","747793_36360013_GBAP1(2630).1_1","CTCAAAAACAAAAACAAAAAATCCCTCCCAAAACCTCTGTAGTTGCATTCTTCCCACCACCTAATTCAGGATTCCTACAAGAGGAACTAGAAGTTCCAGAAGCCTGTGGGCAGGGTCCAG","GBAP1(2630)","747793","45","Intronic"
"108","chr1",155196974,155197094,121,"-","747793_36360029_GBAP1(2630).17_3","TCATTATTTTTAATGGTAAGGATGGTCAAATTTTACTAATGAAGCGATTATAAAATCTTCAAGTCTTTGTATCCACTTGCTTTTTGAGGGCTGGAGTGGGAAGAAAGGTATATAATTCAT","GBAP1(2630)","747793","31.67","Intronic"
"109","chr1",155192074,155192194,121,"-","747793_36360020_GBAP1(2630).8_1","TTTCACCTGACTTACAAATATAAAATCAAATATAAATCAGTAGGACTTTATTATAAAATATTGCAGAAAAGTTTCACAAGAATTTTTTGTAGAAAAAGCCCAATCAGGGCCGGGCATGGT","GBAP1(2630)","747793","30.83","Intronic"
"110","chr1",155192322,155192442,121,"-","747793_36360021_GBAP1(2630).9_2","ACAGAGGAACGTGATTGTGGCCACCTAGTATGCCCCTATTGGCCACTGCAGTGAGGCCTAGGTGTTTGAAGAGAGGCACCTAGGGTAGTGGCTCTCAGGCACACCCTAGGGGCATTTTGG","GBAP1(2630)","747793","55.83","Intronic"
"111","chr4",90758096,90758216,121,"+","747794_36360129_+.1_6","AGGCAAACCCGCTAACCTGTCGTCGAATGGCCACTCCCAGTTCTCCGCTCACGAGGGTGGAAAGGCAGAAGGCTTGAAGGCAAGGCGTGAGGGAGCGCCCAGGACGCTCTCGGAGGGGCC","SNCA-AS1(644248)","747794","64.17","Intronic"
"112","chr1",155187843,155187963,121,"-","747793_36360014_GBAP1(2630).2_11","GCTTGTGCTCCCTCCCTCCCAGGTGGTGCCCCTGCATCCCTAAAAGCTTCAGTACAGCTCGGTGGTCTGTGTCTGCAATGCCACATACTGTGACTCTTGACCCCCCGACCTTTCCTGCCC","GBAP1(2630)","747793","59.17","Intronic"
"113","chr1",155211676,155211796,121,"-","747793_36360007_GBA(2629).5_3","ACAGCTTCCTCCTTGTGTCCACTGAGGATATGGCTTTGTACAACACTTTGGTTTTTGAACGACTTTACAAACCTCCCTGTCTTGTGAGGAAGGAAGAACAGTTATTACCATCTGCATCTG","GBA(2629)","747793","43.33","Intronic"
"114","chr1",155184641,155184761,121,"-","747793_36360013_GBAP1(2630).1_9","GGAGCAGGAAGGTGTTCAGGGTGGAACCTCGGAAGAGGCACACCCATCCCCTTTTGCGCCATGGAGGCAGGAAGTGACTAGGTAGCAACAGAAAACCCCAATGCCTGAGGCTGGACTGCG","GBAP1(2630)","747793","58.33","Intronic"
"115","chr1",155211904,155212024,121,"-","747793_36360007_GBA(2629).5_1","AACAACAACAAAAAATACAAACAAGAGACAAGTAGTTCCCAGGTGCCTACCAAGTGGTCAGGCACTGCACTTACCTCACTGACTGCAGTAACCACCCTTTGAGGTTGTGGCATTGCCTCC","GBA(2629)","747793","47.5","Intronic"
"116","chr1",155196553,155196673,121,"-","747793_36360028_GBAP1(2630).16_2","CAAAAAAAGGGGGAGAAAAAGTGACAAAGAAGTTGTGAGGGCTATGAGTTTGCGTTAGAGGAGGTGTGTGAGGTGGGGAGGCGGCAGGGGGCGCGGTTGTTCTTAGAGAAAGTGACATCC","GBAP1(2630)","747793","51.67","Intronic"
"117","chr4",90761477,90761597,121,"+","747794_36360134_+.6_5","TCAAGTACAAAGAAGGGAACTAGAAGTTAAAATAAAGTTTTTTTAATTTTTCTTTTCATTATTGATGGACAGCATGGTCTTCAGTAAATCTTTAGCCTCTCTGAATATAACGTTAAACTA","SNCA-AS1(644248)","747794","28.33","Intronic"
"118","chr4",90758985,90759105,121,"+","747794_36360131_+.3_4","AGAAGGCTCAGCAAATCCTCTTTCCACGCCACTATCACCATTTTCCTTTCCACCAATCAGCGCCTGCCAGACGCTGATTTTCCCATCAGTGGAACAAGGAATAAATATTCCCCAGCCGTC","SNCA-AS1(644248)","747794","49.17","Intronic"
"119","chr1",155196554,155196674,121,"-","747793_36360028_GBAP1(2630).16_1","TCAAAAAAAGGGGGAGAAAAAGTGACAAAGAAGTTGTGAGGGCTATGAGTTTGCGTTAGAGGAGGTGTGTGAGGTGGGGAGGCGGCAGGGGGCGCGGTTGTTCTTAGAGAAAGTGACATC","GBAP1(2630)","747793","50.83","Intronic"
"120","chr1",155190036,155190156,121,"-","747793_36360017_GBAP1(2630).5_2","ACTACCCCTGTGCCAGGCTGTCTACAAGGATATTTAGAATGTGTAAGACATTCCTTCAAGGAACTCCAGGAACAGAGGCCTGACATGTTGCAATGTTTAGTGTCAAGCAGTGTACTAGAG","GBAP1(2630)","747793","45","Intronic"
"121","chr4",90758868,90758988,121,"+","747794_36360131_+.3_3","CGCTTTAGTTCAAATATCTTCAAGGTTTTCGTTTGCTCTTAATCTAGGAAGAGCCGGAAAGGGTCCTGAGGGTGAAAGGGAGACTACTAAGGAAGAGTCACAGGTTGAGGAGGCAGGAGA","SNCA-AS1(644248)","747794","46.67","Intronic"
"122","chr4",90759921,90760036,116,"+","747794_36360131_+.3_12","GTCTGGCTTTGAGACCTTGAACAAGTTTTGTTCTCCTTCTGTTTCCAGTTTTCTTTTTTGTAAATTAGGAGATTAACTCATGTGATCACTCTATTTTCAACTTTTTGTTATGGGA","SNCA-AS1(644248)","747794","33.91","Intronic"
"123","chr1",155208520,155208640,121,"-","747793_36360005_GBA(2629).3_2","ATCATCTGCTAACTGCTACGGACTCAGGCTCAGAAAGGCCTGCGCTTCACCCAGGTGCCAGCCTCCACAGGTTCCAACCCAGGAGCCCAAGTTCCCTTTGGCCCTGACTCAGACACTATT","GBA(2629)","747793","56.67","Intronic"
"124","chr4",90759102,90759222,121,"+","747794_36360131_+.3_5","GTCTAAAACAAGCGGTCCTAAGGCTTTTCGCTCTAGAAATGGGACTTACTTTGCAGACCTCCCTTTATCTGGGAGACAAATCCAGCGTGATTTAGCCTACCGGACCATCATATCCAATTT","SNCA-AS1(644248)","747794","45","Intronic"
"125","chr1",155189427,155189547,121,"-","747793_36360015_GBAP1(2630).3_3","TGCATCTGGAAGCCAATTGCCCTTTAGAGATATGGCTGCAATTGCCTCACTGCCTGTGTCATGTGACTCTCCGAGGCCCTTAATGAGTAAATGAGGGGTGCTGCAGGGGAGCCAAGCTGA","GBAP1(2630)","747793","52.5","Intronic"
"126","chr19",45410832,45410952,121,"+","747793_36360001_APOE(348).4_1","GACAGAGCAAGACCCTGTTTATAAATACATAATGCTTTCCAAGTGATTAAACCGACTCCCCCCTCACCCTGCCCACCATGGCTCCAAAGAAGCATTTGTGGAGCACCTTCTGTGTGCCCC","APOE(348)","747793","50","Intronic"
"127","chr4",90760423,90760543,121,"+","747794_36360132_+.4_1","CCAGACAGTTACCTTGTACCTTCATGTGCATATTCTAGAATGTCATAAAGATCTAATCACGTAGTATAAACTTTGTTTTATATTTGTCTGACTTCTTTTACTCAGTATAATATTTGTGAG","SNCA-AS1(644248)","747794","30.83","Intronic"
"128","chr19",45411268,45411388,121,"+","747793_36360001_APOE(348).4_5","CAGGTTTCATTCTGCCCCTGTCGCTAAGTCTTGGGGGGCCTGGGTCTCTGCTGGTTCTAGCTTCCTCTTCCCATTTCTGACTCCTGGCTTTAGCTCTCTGGAATTCTCTCTCTCAGCTTT","APOE(348)","747793","52.5","Intronic"
"129","chr1",155211562,155211682,121,"-","747793_36360007_GBA(2629).5_4","CATCTGATGATGAAACAAGGGACGCTGCAGAGGAGCCGCACTGACCACTCCCTCCCTCCAGTCCTGTCATCCCACTGCCAGTGTCCCACCCTCTTGTGCCCTGCACTTCACTGGCTAATA","GBA(2629)","747793","57.5","Intronic"
"130","chr1",155187495,155187615,121,"-","747793_36360014_GBAP1(2630).2_14","AGAAGTTCCAGAAAGTGAAGGGATTTGGAGGGGCCGTGACAGATGCAGGTGCCCTCAACATCCTTGCCCTGTCACCCCCTGCCCAGAATTTGCTACTTAAATGGTACTTCTCTGAAGAAG","GBAP1(2630)","747793","50.83","Intronic"
"131","chr1",155194939,155195059,121,"-","747793_36360026_GBAP1(2630).14_2","TCAGCATCATTCTTCTTGAAGTTCACCACTCCTTTGCCAAGAACACTTCCTGAAACACTGACAAGCAGGACCTTGAATAATGGGGTATGGTTGGTAACAACTCACTCATTCAACAAACAT","GBAP1(2630)","747793","41.67","Intronic"
"132","chr1",155205202,155205322,121,"-","747793_36360003_GBA(2629).1_10","GCAGGAAGTGACTAGGTAGCAACAGAAAACCCCAATGCCTGAGGCTGGACTGCGATGCAGAAAAGCAGGGTCAGTGCCCAGCAGCATGGCTCCAGGCCTAGAGAGCCAGGGCAGAGCCTC","GBA(2629)","747793","59.17","Intronic"
"133","chr1",155189790,155189903,114,"-","747793_36360016_GBAP1(2630).4_1","TTCCAACCTTGCCGTCTCACTAAAACTGTACAAAAAAAGATACAAACAACAGACAAATAGTTCCCAGGCGCCTCCCAAGTTGCCAGGCACTGCATTTACCTCACTGACCCCTT","GBAP1(2630)","747793","46.02","Intronic"
"134","chr4",90759219,90759339,121,"+","747794_36360131_+.3_6","TTTCTTCTTCAGCCCCTTCTGAAAGGGAGATGCTACACACCACTCACCTTTCTGACTTCTGATTCTCGTTGCCCTCAGAATTGACACCCCCTTTTCTCTCCCCCCACCCACCACACGCAC","SNCA-AS1(644248)","747794","52.5","Intronic"
"135","chr1",155212285,155212405,121,"-","747793_36360008_GBA(2629).6_2","GGAGGAACCTAGAAGAAGAAATGATCAATTTTGCTTGGAGTGTATCTAGAAAGACTTCACTGAGATCATTTAAAGAACAAAAAGGATGGCTGGGGTCCAGCGCAGTGGCTCATGCCTGTA","GBA(2629)","747793","43.33","Intronic"
"136","chr1",155211106,155211226,121,"-","747793_36360007_GBA(2629).5_8","AAATCTGTGTTCTAGGCTCTTCCTAAAGTTGTCACCCATACATGCCCTCCAGAGTTTTATAGGGCATATAATCTGTAACAGATGAGAGGAAGCCAATTGCCCTTTAGAAATATGGCTGTG","GBA(2629)","747793","41.67","Intronic"
"137","chr1",155188887,155189007,121,"-","747793_36360014_GBAP1(2630).2_2","GATTCTCCATCCAAGTCTGTCTTTCGTATTCTAGGCTCTTCCTAAAGTTGTCATTCACATATACCCTCCAGAATTTTATAGGGTGTATAATCTGTAACAACTCGGAGGAAGCCAATTGCC","GBAP1(2630)","747793","40.83","Intronic"
"138","chr1",155210650,155210770,121,"-","747793_36360007_GBA(2629).5_12","TTTGAGCAAGGCACAGATGGAGGGAGGGGTCGAAGTTGAAATGGGTGGGAAGAGTGGTGGGGAGCATCCTGATTTGGGGTGGGCAGAGAGTTGTCATCAGAAGGGTTGCAGGGAGAGCTG","GBA(2629)","747793","55.83","Intronic"
"139","chr19",45409192,45409312,121,"+","747793_36359998_APOE(348).1_3","GAGCTACTCGGGGTCGGGCTTGGGGAGAGGAGGAGCGGGGGTGAGGCAAGCAGCAGGGGACTGGACCTGGGAAGGGCTGGGCAGCAGAGACGACCCGACCCGCTAGAAGGTGGGGTGGGG","APOE(348)","747793","70","Intronic"
"140","chr4",90761245,90761365,121,"+","747794_36360134_+.6_3","TTTTCTATATTGGTATTCCTCAATAGGGGGAGATGATTTCTTACTACCTACAAAAAAAGAAAACTGTAAACTAATTTCGTTGTCATTTTGAATTACAACTATATGTTTAACTCTTGTCAC","SNCA-AS1(644248)","747794","29.17","Intronic"
"141","chr4",90760486,90760606,121,"+","747794_36360132_+.4_2","GTATAAACTTTGTTTTATATTTGTCTGACTTCTTTTACTCAGTATAATATTTGTGAGGTTCGTTCATGTCGTTGCATGAATGGGTGTTTTGTTTTTTATTGCTTTTTGTTGTTTCTTTTT","SNCA-AS1(644248)","747794","28.33","Intronic"
"142","chr4",90758508,90758627,120,"+","747794_36360130_+.2_3","GCAAGGCGGGAAAGTGGGGGCGCTTTTGCGCCTCACGTTAAGTTTAGGGTCACGAGCACTCTTGTGGAGATCGGGAGCGGTTGGGCTAGGGATGATGCCTCTTCCTCTTTCCCCTTCCC","SNCA-AS1(644248)","747794","58.82","Intronic"
"143","chr1",155193067,155193187,121,"-","747793_36360022_GBAP1(2630).10_3","GGAGTGGCACTCTCCATGGGACCTAAAGACCTAGGAGCCTGTGATATGATACCTGTCAGTGTGAAAGGGCTGGAGTTTGCTATCTGAGCCAGACCTACACTCCAAGACAGGTCTTGCTGG","GBAP1(2630)","747793","52.5","Intronic"
"144","chr1",155206282,155206402,121,"-","747793_36360003_GBA(2629).1_1","TGTCTCAAAAACAAAAAAAAATCTCCCCAAACCTCTCTAGTTGCATTCTTCCCGTCACCCAACTCCAGGATTCCTACAACAGGAACTAGAAGTTCCAGAAGCCTGTGTGCAAGGTCCAGG","GBA(2629)","747793","45.83","Intronic"
"145","chr1",155205322,155205442,121,"-","747793_36360003_GBA(2629).1_9","TACCAGGCCTATCATCTCCTACATCGGATGGCTTACATCACTCTACACCACGAGGGAGCAGGAAGGTGTTCAGGGTGGAACCTCGGAAGAGGCACACCCATCCCCTTTTGCACCATGGAG","GBA(2629)","747793","55","Intronic"
"146","chr1",155190658,155190778,121,"-","747793_36360018_GBAP1(2630).6_1","TCCGTCTCAAAAAAAAAAAAATTTTGCTCAGTACCTGGCCAAAAAAGAAGCAGCTCACTCCCTGTACACAGAGGGTAAGAGAAAGGAGATGGTTGAACTTCTAAACTCGCTAAAGCAGGA","GBAP1(2630)","747793","41.67","Intronic"
"147","chr1",155189641,155189761,121,"-","747793_36360015_GBAP1(2630).3_1","GGTGAGGAAATAGGCTGAGAGCTGGGGTTAGTCTGGTCATGACTGTGTGTGCCACTCCCACCAAATCTCATTTGATGTGGTTCATGAGGCAAATGGCATGGACAACTTCCTTCACATGTC","GBAP1(2630)","747793","49.17","Intronic"
"148","chr1",155211220,155211340,121,"-","747793_36360007_GBA(2629).5_7","TTTAAATTATATCAGCTTTATTTGTACCTTTTTGACATTTCTATCAAAAAAGAAGTGTGCCTGCTGTGGTTCCCATCCTCTGGGATTTAGGAGCCTCTACCCCATTCTCCATGCAAATCT","GBA(2629)","747793","38.33","Intronic"
"149","chr4",90759687,90759807,121,"+","747794_36360131_+.3_10","AACAGGAAGCAAATGATTATACATAAAAGACATATAGAAGATAATGCATATGTGTTCAGTGGAAAATAGAAAAGCATGAAAGTAAGATCACAAATATTTATTATTTAAACTCTTCCTTGA","SNCA-AS1(644248)","747794","26.67","Intronic"
"150","chr19",45408952,45409072,121,"+","747793_36359998_APOE(348).1_1","CCACCTCGTGACTGGGGGCTGGCCCAGCCCGCCCTATCCCTGGGGGAGGGGGCGGGACAGGGGGAGCCCTATAATTGGACAAGTCTGGGATCCTTGAGTCCTACTCAGCCCCAGCGGAGG","APOE(348)","747793","67.5","Exonic"
"151","chr19",45409072,45409192,121,"+","747793_36359998_APOE(348).1_2","TGAAGGACGTCCTTCCCCAGGAGCCGGTGAGAAGCGCAGTCGGGGGCACGGGGATGAGCTCAGGGGCCTCTAGAAAGAGCTGGGACCCTGGGAACCCCTGGCCTCCAGGTAGTCTCAGGA","APOE(348)","747793","65","Exonic"
"152","chr19",45409784,45409904,121,"+","747793_36359999_APOE(348).2_3","AGGCCGGGTTGGGGCCGGGCTGGGGGTGGGAGGAGTCCTCACTGGCGGTTGATTGACAGTTTCTCCTTCCCCAGACTGGCCAATCACAGGCAGGAAGATGAAGGTTCTGTGGGCTGCGTT","APOE(348)","747793","61.67","Exonic"
"153","chr19",45409900,45410019,120,"+","747793_36359999_APOE(348).2_4","CGTTGCTGGTCACATTCCTGGCAGGTATGGGGGCGGGGCTTGCTCGGTTCCCCCCGCTCCTCCCCCTCTCATCCTCACCTCAACCTCCTGGCCCCATTCAGGCAGACCCTGGGCCCCCT","APOE(348)","747793","67.23","Exonic"
"154","chr19",45410941,45411061,121,"+","747793_36360001_APOE(348).4_2","CTGTGTGCCCCTAGGTACTAGATGCCTGGACGGGGTCAGAAGGACCCTGACCCACCTTGAACTTGTTCCACACAGGATGCCAGGCCAAGGTGGAGCAAGCGGTGGAGACAGAGCCGGAGC","APOE(348)","747793","60.83","Exonic"
"155","chr19",45411050,45411170,121,"+","747793_36360001_APOE(348).4_3","AGAGCCGGAGCCCGAGCTGCGCCAGCAGACCGAGTGGCAGAGCGGCCAGCGCTGGGAACTGGCACTGGGTCGCTTTTGGGATTACCTGCGCTGGGTGCAGACACTGTCTGAGCAGGTGCA","APOE(348)","747793","65.83","Exonic"
"156","chr19",45411159,45411279,121,"+","747793_36360001_APOE(348).4_4","GAGCAGGTGCAGGAGGAGCTGCTCAGCTCCCAGGTCACCCAGGAACTGAGGTGAGTGTCCCCATCCTGGCCCTTGACCCTCCTGGTGGGCGGCTATACCTCCCCAGGTCCAGGTTTCATT","APOE(348)","747793","62.5","Exonic"
"157","chr19",45411674,45411794,121,"+","747793_36360002_APOE(348).5_1","CCCGTTCCTTCTCTCCCTCTTGGGTCTCTCTGGCTCATCCCCATCTCGCCCGCCCCATCCCAGCCCTTCTCCCCGCCTCCCACTGTGCGACACCCTCCCGCCCTCTCGGCCGCAGGGCGC","APOE(348)","747793","70.83","Exonic"
"158","chr19",45411794,45411914,121,"+","747793_36360002_APOE(348).5_2","TGATGGACGAGACCATGAAGGAGTTGAAGGCCTACAAATCGGAACTGGAGGAACAACTGACCCCGGTGGCGGAGGAGACGCGGGCACGGCTGTCCAAGGAGCTGCAGGCGGCGCAGGCCC","APOE(348)","747793","63.33","Exonic"
"159","chr19",45411914,45412034,121,"+","747793_36360002_APOE(348).5_3","GGCTGGGCGCGGACATGGAGGACGTGTGCGGCCGCCTGGTGCAGTACCGCGGCGAGGTGCAGGCCATGCTCGGCCAGAGCACCGAGGAGCTGCGGGTGCGCCTCGCCTCCCACCTGCGCA","APOE(348)","747793","74.17","Exonic"
"160","chr19",45412034,45412154,121,"+","747793_36360002_APOE(348).5_4","AGCTGCGTAAGCGGCTCCTCCGCGATGCCGATGACCTGCAGAAGCGCCTGGCAGTGTACCAGGCCGGGGCCCGCGAGGGCGCCGAGCGCGGCCTCAGCGCCATCCGCGAGCGCCTGGGGC","APOE(348)","747793","75","Exonic"
"161","chr19",45412154,45412274,121,"+","747793_36360002_APOE(348).5_5","CCCTGGTGGAACAGGGCCGCGTGCGGGCCGCCACTGTGGGCTCCCTGGCCGGCCAGCCGCTACAGGAGCGGGCCCAGGCCTGGGGCGAGCGGCTGCGCGCGCGGATGGAGGAGATGGGCA","APOE(348)","747793","77.5","Exonic"
"162","chr19",45412274,45412394,121,"+","747793_36360002_APOE(348).5_6","GCCGGACCCGCGACCGCCTGGACGAGGTGAAGGAGCAGGTGGCGGAGGTGCGCGCCAAGCTGGAGGAGCAGGCCCAGCAGATACGCCTGCAGGCCGAGGCCTTCCAGGCCCGCCTCAAGA","APOE(348)","747793","71.67","Exonic"
"163","chr19",45412394,45412514,121,"+","747793_36360002_APOE(348).5_7","GCTGGTTCGAGCCCCTGGTGGAAGACATGCAGCGCCAGTGGGCCGGGCTGGTGGAGAAGGTGCAGGCTGCCGTGGGCACCAGCGCCGCCCCTGTGCCCAGCGACAATCACTGAACGCCGA","APOE(348)","747793","69.17","Exonic"
"164","chr19",45412514,45412634,121,"+","747793_36360002_APOE(348).5_8","AGCCTGCAGCCATGCGACCCCACGCCACCCCGTGCCTCCTGCCTCCGCGCAGCCTGCAGCGGGAGACCCTGTCCCCGCCCCAGCCGTCCTCCTGGGGTGGACCCTAGTTTAATAAAGATT","APOE(348)","747793","67.5","Exonic"
"165","chr19",45412634,45412754,121,"+","747793_36360002_APOE(348).5_9","CACCAAGTTTCACGCATCTGCTGGCCTCCCCCTGTGATTTCCTCTAAGCCCCAGCCTCAGTTTCTCTTTCTGCCCACATACTGGCCACACAATTCTCAGCCCCCTCCTCTCCATCTGTGT","APOE(348)","747793","55","Exonic"
"166","chr1",155206162,155206282,121,"-","747793_36360003_GBA(2629).1_2","ATCAGTTGCTCTTCCTTTGCAGGTACTGACAGACCCAGAAGCAGCTAAATATGTTCATGGCATTGCTGTACATTGGTACCTGGACTTTCTGGCTCCAGCCAAAGCCACCCTAGGGGAGAC","GBA(2629)","747793","50","Exonic"
"167","chr1",155206042,155206162,121,"-","747793_36360003_GBA(2629).1_3","ACACCGCCTGTTCCCCAACACCATGCTCTTTGCCTCAGAGGCCTGTGTGGGCTCCAAGTTCTGGGAGCAGAGTGTGCGGCTAGGCTCCTGGGATCGAGGGATGCAGTACAGCCACAGCAT","GBA(2629)","747793","60","Exonic"
"168","chr1",155205922,155206042,121,"-","747793_36360003_GBA(2629).1_4","CATCACGGTAAGCCACCCCAGTCTCCCTTCCTGCAAAGCAGACCTCAGACCTCTTACTAGTTTCACCAAAGACTGACAGAAGCCCTTCCTGTCCAGCTTTCCCCAGCTAGCCTGCCCTTT","GBA(2629)","747793","54.17","Exonic"
"169","chr1",155205562,155205682,121,"-","747793_36360003_GBA(2629).1_7","ACCCCCAGTGTTGCGCCTTTGTCTCTTTGCCTTTGTCCTTACCCTAGAACCTCCTGTACCATGTGGTCGGCTGGACCGACTGGAACCTTGCCCTGAACCCCGAAGGAGGACCCAATTGGG","GBA(2629)","747793","57.5","Exonic"
"170","chr1",155205442,155205562,121,"-","747793_36360003_GBA(2629).1_8","TGCGTAACTTTGTCGACAGTCCCATCATTGTAGACATCACCAAGGACACGTTTTACAAACAGCCCATGTTCTACCACCTTGGCCACTTCAGGTGAGTGGAGGGCGGGCACCCCCATTCCA","GBA(2629)","747793","52.5","Exonic"
"171","chr1",155205082,155205202,121,"-","747793_36360003_GBA(2629).1_11","TGCAGGAGTTATGGGGTGGGTCCGTGGGTGGGTGACTTCTTAGATGAGGGTTTCATGGGAGGTACCCCGAGGGACTCTGACCATCTGTTCCCACATTCAGCAAGTTCATTCCTGAGGGCT","GBA(2629)","747793","55","Exonic"
"172","chr1",155204962,155205082,121,"-","747793_36360003_GBA(2629).1_12","CCCAGAGAGTGGGGCTGGTTGCCAGTCAGAAGAACGACCTGGACGCAGTGGCACTGATGCATCCCGATGGCTCTGCTGTTGTGGTCGTGCTAAACCGGTGAGGGCAATGGTGAGGTCTGG","GBA(2629)","747793","60","Exonic"
"173","chr1",155204842,155204962,121,"-","747793_36360003_GBA(2629).1_13","GAAGTGGGCTGAAGACAGCGTTGGGGGCCTTGGCAGGATCACACTCTCAGCTTCTCCTCCCTGCTCCCTAGCTCCTCTAAGGATGTGCCTCTTACCATCAAGGATCCTGCTGTGGGCTTC","GBA(2629)","747793","57.5","Exonic"
"174","chr1",155204722,155204842,121,"-","747793_36360003_GBA(2629).1_14","CTGGAGACAATCTCACCTGGCTACTCCATTCACACCTACCTGTGGCGTCGCCAGTGATGGAGCAGATACTCAAGGAGGCACTGGGCTCAGCCTGGGCATTAAAGGGACAGAGTCAGCTCA","GBA(2629)","747793","55.83","Exonic"
"175","chr1",155204602,155204722,121,"-","747793_36360003_GBA(2629).1_15","CACGCTGTCTGTGACTAAAGAGGGCACAGCAGGGCCAGTGTGAGCTTACAGCGACGTAAGCCCAGGGGCAATGGTTTGGGTGACTCACTTTCCCCTCTAGGTGGTGCCAGGGGCTGGAGG","GBA(2629)","747793","60","Exonic"
"176","chr1",155204482,155204602,121,"-","747793_36360003_GBA(2629).1_16","CCCCTAGAAAAAGATCAGTAAGCCCCAGTGTCCCCCCAGCCCCCATGCTTATGTGAACATGCGCTGTGTGCTGCTTGCTTTGGAAACTGGGCCTGGGTCCAGGCCTAGGGTGAGCTCACT","GBA(2629)","747793","57.5","Exonic"
"177","chr1",155204362,155204482,121,"-","747793_36360003_GBA(2629).1_17","GTCCGTACAAACACAAGATCAGGGCTGAGGGTAAGGAAAAGAAGAGACTAGGAAAGCTGGGCCCAAAACTGGAGACTGTTTGTCTTTCCTGGAGATGCAGAACTGGGCCCGTGGAGCAGC","GBA(2629)","747793","52.5","Exonic"
"178","chr1",155204242,155204362,121,"-","747793_36360003_GBA(2629).1_18","AGTGTCAGCATCAGGGCGGAAGCCTTAAAGCAGCAGCGGGTGTGCCCAGGCACCCAGATGATTCCTATGGCACCAGCCAGGAAAAATGGCAGCTCTTAAAGGAGAAAATGTTTGAGCCCA","GBA(2629)","747793","53.33","Exonic"
"179","chr1",155204122,155204242,121,"-","747793_36360003_GBA(2629).1_19","GTCAGTGTGAGTGGCTTTATTCTGGGTGGCAGCACCCCGTGTCCGGCTGTACCAACAACGAGGAGGCACGGGGGCCTCTGGAATGCATGAGAGTAGAAAAACCAGTCTTGGGAGCGTGAG","GBA(2629)","747793","57.5","Exonic"
"180","chr1",155207321,155207441,121,"-","747793_36360004_GBA(2629).2_1","GTGTGAGCCACCACACCCAGCTGGTCTGGTCCACTTTCTTGGCCGGATCATTCATGACCTTTCTCTTGCCAGGTTCCTGGATGCCTATGCTGAGCACAAGTTACAGTTCTGGGCAGTGAC","GBA(2629)","747793","54.17","Exonic"
"181","chr1",155207225,155207345,121,"-","747793_36360004_GBA(2629).2_2","CAAGTTACAGTTCTGGGCAGTGACAGCTGAAAATGAGCCTTCTGCTGGGCTGTTGAGTGGATACCCCTTCCAGTGCCTGGGCTTCACCCCTGAACATCAGCGAGACTTCATTGCCCGTGA","GBA(2629)","747793","54.17","Exonic"
"182","chr1",155207129,155207249,121,"-","747793_36360004_GBA(2629).2_3","TCAGCGAGACTTCATTGCCCGTGACCTAGGTCCTACCCTCGCCAACAGTACTCACCACAATGTCCGCCTACTCATGCTGGATGACCAACGCTTGCTGCTGCCCCACTGGGCAAAGGTGGT","GBA(2629)","747793","57.5","Exonic"
"183","chr1",155207033,155207153,121,"-","747793_36360004_GBA(2629).2_4","GCTGCCCCACTGGGCAAAGGTGGTAAGGCCTGGACCTCCATGGTGCTCCAGTGACCTTCAAATCCAGCATCCAAATGACTGGCTCCCAAACTTAGAGCGATTTCTCTACCCAACTATGGA","GBA(2629)","747793","53.33","Exonic"
"184","chr1",155208403,155208523,121,"-","747793_36360005_GBA(2629).3_3","ATTAGGACTGGCAAGTGATAAGCAGAGTCCCATACTCTCCTATTGACTCGGACTACCATATCTTGATCATCCTTTTCTGTAGGAATCGGATATAACATCATCCGGGTACCCATGGCCAGC","GBA(2629)","747793","45.83","Exonic"
"185","chr1",155208286,155208406,121,"-","747793_36360005_GBA(2629).3_4","AGCTGTGACTTCTCCATCCGCACCTACACCTATGCAGACACCCCTGATGATTTCCAGTTGCACAACTTCAGCCTCCCAGAGGAAGATACCAAGCTCAAGGTAGGCATTCTAGCTTTTTCA","GBA(2629)","747793","49.17","Exonic"
"186","chr1",155208052,155208172,121,"-","747793_36360005_GBA(2629).3_6","TGAACCGGATGCACTGGTTGGGCTAGTATGTGTTCCAACTCTGGGTGCTTCTCTCTTCACTACCTTTGTCTCTAGATACCCCTGATTCACCGAGCCCTGCAGTTGGCCCAGCGTCCCGTT","GBA(2629)","747793","54.17","Exonic"
"187","chr1",155207935,155208055,121,"-","747793_36360005_GBA(2629).3_7","GTTTCACTCCTTGCCAGCCCCTGGACATCACCCACTTGGCTCAAGACCAATGGAGCGGTGAATGGGAAGGGGTCACTCAAGGGACAGCCCGGAGACATCTACCACCAGACCTGGGCCAGA","GBA(2629)","747793","59.17","Exonic"
"188","chr1",155207818,155207938,121,"-","747793_36360005_GBA(2629).3_8","AGATACTTTGTGAAGTAAGGGATCAGCAAGGATGTGGGATCAGGACTGGCCTCCCATTTAGCCATGCTGATCTGTGTCCCAACCCTCAACCTAGTTCCACTTCCAGATCTGCCTGTCCTC","GBA(2629)","747793","50.83","Exonic"
"189","chr1",155209767,155209887,121,"-","747793_36360006_GBA(2629).4_2","TGTACTCCCTCCCTCCCAGGTGCCCGCCCCTGCATCCCTAAAAGCTTCGGCTACAGCTCGGTGGTGTGTGTCTGCAATGCCACATACTGTGACTCCTTTGACCCCCCGACCTTTCCTGCC","GBA(2629)","747793","60","Exonic"
"190","chr1",155209661,155209781,121,"-","747793_36360006_GBA(2629).4_3","CGACCTTTCCTGCCCTTGGTACCTTCAGCCGCTATGAGAGTACACGCAGTGGGCGACGGATGGAGCTGAGTATGGGGCCCATCCAGGCTAATCACACGGGCACAGGTAACCATTACACCC","GBA(2629)","747793","58.33","Exonic"
"191","chr1",155209449,155209569,121,"-","747793_36360006_GBA(2629).4_5","CTGTGGATGTCCTCAGGCCTGCTACTGACCCTGCAGCCAGAACAGAAGTTCCAGAAAGTGAAGGGATTTGGAGGGGCCATGACAGATGCTGCTGCTCTCAACATCCTTGCCCTGTCACCC","GBA(2629)","747793","55.83","Exonic"
"192","chr1",155209343,155209463,121,"-","747793_36360006_GBA(2629).4_6","TTGCCCTGTCACCCCCTGCCCAAAATTTGCTACTTAAATCGTACTTCTCTGAAGAAGGTGAGGAGGAAGGGGACAAGATGACATAGAGCCATTGAAACTTTTCGTTTTTCTTTTCTTTTT","GBA(2629)","747793","41.67","Exonic"
"193","chr1",155210992,155211112,121,"-","747793_36360007_GBA(2629).5_9","GCTGTGATTGCCTCACTTCCTGTGTCATGTGACGCTCCTAGTCATCACATGACCCATCCACATCGGGAAGCCGGAATTACTTGCAGGGCTAACCTAGTGCCTATAGCTAAGGCAGGTACC","GBA(2629)","747793","52.5","Exonic"
"194","chr1",155210878,155210998,121,"-","747793_36360007_GBA(2629).5_10","GGTACCTGCATCCTTGTTTTTGTTTAGTGGATCCTCTATCCTTCAGAGACTCTGGAACCCCTGTGGTCTTCTCTTCATCTAATGACCCTGAGGGGATGGAGTTTTCAAGTCCTTCCAGAG","GBA(2629)","747793","47.5","Exonic"
"195","chr1",155210764,155210884,121,"-","747793_36360007_GBA(2629).5_11","CCAGAGAGGTAAGAGAGAGAGCTCCCAATCAGCATTGTCACAGTGCTTCTGGAATCCTGGCACTGGAATTTAATGAATGACAGACTCTCTTTGAATCCAGGGCCATCATGGCTCTTTGAG","GBA(2629)","747793","47.5","Exonic"
"196","chr1",155210422,155210542,121,"-","747793_36360007_GBA(2629).5_14","CTTGCTTTTCAGTCATTCCTCATTCTGTCCTCAGGAATGTCCCAAGCCTTTGAGTAGGGTAAGCATCATGGCTGGCAGCCTCACAGGATTGCTTCTACTTCAGGCAGTGTCGTGGGCATC","GBA(2629)","747793","50.83","Exonic"
"197","chr1",155210308,155210428,121,"-","747793_36360007_GBA(2629).5_15","GGCATCAGGTGAGTGAGTCAAGGCAGTGGGGAGGTAGCACAGAGCCTCCCTTCTGCCTCATAGTCCTTTGGTAGCCTTCCAGTAAGCTGGTGGTAGACTTTTAGTAGGTGCTCAATAAAT","GBA(2629)","747793","50.83","Exonic"
"198","chr1",155214477,155214597,121,"-","747793_36360011_GBA(2629).9_1","CTCTCGCTCTCTCTCTCTCTCCGGCTCGCCAGCGACACTTGTTCGTTCAACTTGACCAATGAGACTTGAGGAAGGGCTCTGAGTCCCGCCTCTGCATGAGTGACCGTCTCTTTTCCAATC","GBA(2629)","747793","55","Exonic"
"199","chr1",155214385,155214505,121,"-","747793_36360011_GBA(2629).9_2","TGCATGAGTGACCGTCTCTTTTCCAATCCAGGTCCCGCCCCGACTCCCCAGGGCTGCTTTTCTCGCGGCTGCGGGTGGTCGGGCTGCATCCTGCCTTCAGAGTCTTACTGCGCGGGGCCC","GBA(2629)","747793","65","Exonic"
"200","chr1",155214293,155214413,121,"-","747793_36360011_GBA(2629).9_3","GCCTTCAGAGTCTTACTGCGCGGGGCCCCAGTCTCCAGTCCCGCCCAGGCGCCTTTGCAGGCTGCGGTGGGATTTCGTTTTGCCTCCGGTTGGGGCTGCTGTTTCTCTTCGCCGACGGTA","GBA(2629)","747793","64.17","Exonic"
"201","chr1",155214201,155214321,121,"-","747793_36360011_GBA(2629).9_4","GGGCTGCTGTTTCTCTTCGCCGACGGTAGGCGTAATGAATATTTCGACCTTTGGATCTTAGCTGTCCCCTCCCTGCGTTCGCACTTAACCTTTTTCACCATTATTATTATTATTGTTATT","GBA(2629)","747793","43.33","Exonic"
"202","chr1",155214645,155214764,120,"-","747793_36360012_GBA(2629).10_1","TCGGTGGGCTGGACTCACTGTGGGAATTCAATCGCCCCCATCCACCAACAGTGTGCTGGCGGGAAAACGCCGACACGCATGCGTAGTTCTCGCGCCGGCTCCTCTCTCTCTCTCTCTCT","GBA(2629)","747793","60.5","Exonic"
"203","chr1",155185481,155185601,121,"-","747793_36360013_GBAP1(2630).1_2","GGTGACTTGTTCTTCCTTTGCAGGTACTGACAGACCCAGAAGCAGCTAAGTATGTTCATGGTATTGCTGTACATTGGTACCTGGACTTTCTGGCTCCAGCCAAAGCCACCCTAAGGGAGA","GBAP1(2630)","747793","49.17","Exonic"
"204","chr1",155185361,155185481,121,"-","747793_36360013_GBAP1(2630).1_3","CACACCACCTGTTCCCCAACACCATGCTCTTTGCCTCAGAGGCCTGTGTGGGTTCCAAGTTCTGGGAGCAGAGTGTGCGGCTAGGCTCCTGGGATCGAGGGATGCAGTACAGCCACAGCA","GBAP1(2630)","747793","59.17","Exonic"
"205","chr1",155185241,155185361,121,"-","747793_36360013_GBAP1(2630).1_4","TCATCACAGTAAGCCACCCCAGTCTCCCTTCCTGCAAAGGAGACCTCAGACCCATTAGTAGTCTCACCAAAGACTGATAGAAGCCCTTCCTGTCCAGCTTTCCCCAGGTAGCCTGCCCTT","GBAP1(2630)","747793","53.33","Exonic"
"206","chr1",155184881,155185001,121,"-","747793_36360013_GBAP1(2630).1_7","GACCCCCAGTGTTGCGCCTTTGTCTCTTTGCCTTTGTCCTTACCCTAGAACCTCCTGTACCATGTGGTCGGCTGGACCGACTGGAACCCATCATTGTAGACATCACCAAGCACACGTTTT","GBAP1(2630)","747793","52.5","Exonic"
"207","chr1",155184761,155184881,121,"-","747793_36360013_GBAP1(2630).1_8","ACAAACAGCCCATGTTCTACCACCTTGGCCACTTCAGGTGAGTGGAGGGCGGGCACCCCCATTCCATACCAGGCCTATCATCTCCTACATCGGATGGCTTACATCACTCTACACCACGAG","GBAP1(2630)","747793","55","Exonic"
"208","chr1",155184401,155184521,121,"-","747793_36360013_GBAP1(2630).1_11","ATGGGAGGTACCCCGAGGGACTCTGACCATCTGTTCCCACATTCAGCAAGTTCATTCCTGAGGGCTCCCAGAGAGTGGGGCTGGTTGCCAGTCAGAAGAACGACCCGGACGCAGTGGCAC","GBAP1(2630)","747793","59.17","Exonic"
"209","chr1",155184281,155184401,121,"-","747793_36360013_GBAP1(2630).1_12","TGATGCATCCCGATGGCTCTCCTGTTGTGGTCGTCCTAAACCGGTGAGGGCAATGGTGAGGTCTGGGAAGTGGGCTGAAGACAGCGTTGGGGGCCTTGGCAGGATCACACTCTCAGCTTC","GBAP1(2630)","747793","58.33","Exonic"
"210","chr1",155184161,155184281,121,"-","747793_36360013_GBAP1(2630).1_13","TCCTCCCTGCTCCCTAGCTCCTCTAAGGATGTGCCTCTTACCATCAAGGATCCTGCTGTGGGCTTCCTGGAGACAATCTCACCTGGCTACTCCATTCACACCTACCTGTGGCGTCGCCAG","GBAP1(2630)","747793","56.67","Exonic"
"211","chr1",155184041,155184161,121,"-","747793_36360013_GBAP1(2630).1_14","TGATGGAGCAGATACTCAAGGAGGCACTGGGCTCAGCCTGGGCATTAAAGGGACAGAGTCAGCTCACACGCTGTCTGTGACTAAAGAGGGCACAACAGGGCCAGCGTGAGCTTACAGCGA","GBAP1(2630)","747793","55.83","Exonic"
"212","chr1",155183921,155184041,121,"-","747793_36360013_GBAP1(2630).1_15","CGTAAGCCCAGGGGCAATGGTTTGGGTGACTCACTTTCCCCTCTAGGTGGTGCCAGGGGCTGGAGGCCCCTAGAAAAAGATCAGTAAGCCCCAGTGTCCCCCCAGCCCCCATGCTTATGT","GBAP1(2630)","747793","59.17","Exonic"
"213","chr1",155183801,155183921,121,"-","747793_36360013_GBAP1(2630).1_16","GAACATGCGCTGTGTGCTGCTTGCTTTGGAAACTGGGCCTGGGTCCAGGCCTAGGGTGAGCTCACTGTCCGTACAAACACAAGATCAGGGCTGAGGGTAAGGAAAAGAAGAGACTAGGAA","GBAP1(2630)","747793","53.33","Exonic"
"214","chr1",155183681,155183801,121,"-","747793_36360013_GBAP1(2630).1_17","AGCTGGGCCCAAAACTGGAGACTGTTTGTCTTTCCTGGAGATGCAGAACTGGGCCCGTGGAGCAGCAGTGTCAGCATCAGGGCGGAAGCCTTAAAGCAGCAGCGGGTGTGCCCAGGCACC","GBAP1(2630)","747793","60","Exonic"
"215","chr1",155183561,155183681,121,"-","747793_36360013_GBAP1(2630).1_18","CAGATGATTCCTATGGCACCAGCCAGGAAAAATGGCAGCTCTTAAAGGAGAAAATGTTTGAGCCCAGTCAGTGTGAGTGGCTTTATTCTGGGTGGCAGCACCCCGTGTCCGGCTGTACCA","GBAP1(2630)","747793","51.67","Exonic"
"216","chr1",155188771,155188891,121,"-","747793_36360014_GBAP1(2630).2_3","TGCCCTTTAGAAATATGGCTGCAATTGCCTCACTTCCTGTGTCATGTGACTCTCCTAGTCATCACATGACCCATCCACATTGGGAAGCCAGAATTACTTGCAGGAGTAACCTAGTGCCTA","GBAP1(2630)","747793","46.67","Exonic"
"217","chr1",155188655,155188775,121,"-","747793_36360014_GBAP1(2630).2_4","CCTATAGCTATGGCAGGTACCTGCATCCTTGTTTTTGTTTAGTGGATCCTCTATCCTTCAGAGACTCTGGAACCCCTGTGCTCTTCTCCTCATCTAGTGACCCTGAGGTGATGGAGTTTT","GBAP1(2630)","747793","47.5","Exonic"
"218","chr1",155188539,155188659,121,"-","747793_36360014_GBAP1(2630).2_5","TTTTCAAGTCCTTCCAGAGAGGTAAGAGAGAGAGCTCCCAATCAGCATTGTCACAGTGCTTCTGGAATCCTGGCACTGGAATTTAATGAATGACAGACTCTCTTTGAATCCAGGGCCATC","GBAP1(2630)","747793","45.83","Exonic"
"219","chr1",155188191,155188311,121,"-","747793_36360014_GBAP1(2630).2_8","AGAGGGACTTGCTTTTCAGTCATTCCTCATTCTGTCCTCAGGAATGTCCCAAGCCTTCGGGTAGGGTAAGCATCATGGCTGGCAGCCTCACAGGATTGCTTCTACTTCAGGCAGTGTCGT","GBAP1(2630)","747793","51.67","Exonic"
"220","chr1",155188075,155188195,121,"-","747793_36360014_GBAP1(2630).2_9","TCGTGGGCATCAGATGAGTGAGTCAAGGCAGTGGGGAGGTAGCACAGAGCCTCCCTTCTGCCTCATAGTCCTTTGGTAGCCTTCCAGTAAGCTGGTGGTAGACTTTTAGTAGGTGCTCAA","GBAP1(2630)","747793","52.5","Exonic"
"221","chr1",155187727,155187847,121,"-","747793_36360014_GBAP1(2630).2_12","GCCCTAGGTGCCTTCAGCCGCTACAAGAGCAGAAGCAGTGGGCATTGGATGGAGCTGAGTACAGGACCATACAGGCTAATTGCACCGGCACAGGTAACCATTACACCCTTCACCCCCCGG","GBAP1(2630)","747793","57.5","Exonic"
"222","chr1",155187379,155187499,121,"-","747793_36360014_GBAP1(2630).2_15","GAAGATGAGGAGGAAGGGGACAGGATGACATAGAGCCACTGACACTTTTCTTTGCCAATTCTTTGGACCCTGACTTCTGCCCATCCCTGACATTTGGTTCCTGTCTTAATGCCAGTGAAA","GBAP1(2630)","747793","47.5","Exonic"
"223","chr1",155187263,155187383,121,"-","747793_36360014_GBAP1(2630).2_16","GAAATAAGATTTCGCCGCCTATCATCTGCTAACTGCTACGGACTCAGGCTCAGAAAGGCCTGCGCTTCACCCAGGTGCCAGCCTCCACAGGTTCCAACCCAGGAGCCCAAGTTCCTTTTG","GBAP1(2630)","747793","55","Exonic"
"224","chr1",155187147,155187267,121,"-","747793_36360014_GBAP1(2630).2_17","TTTGGCCCTGACTCAGACACTATTAGGACTGGCAAGTGATAAGCAGAGTCCCATACTCTCCTATTGACTCGGACTACCATATCTTGATCATCCTTTTCTGTAGGAATCGGATATAACATC","GBAP1(2630)","747793","43.33","Exonic"
"225","chr1",155187031,155187151,121,"-","747793_36360014_GBAP1(2630).2_18","CATCATCTGGGTACCCATGGCCAGCTGTGACTTCTCCATCCGCACCTACACCTATGCAGACACCCCTGATGATTTCCAGTTGCACAACTTCAGCCTCCCAGAGGAAGATACCAAGCTCAA","GBAP1(2630)","747793","52.5","Exonic"
"226","chr1",155186915,155187035,121,"-","747793_36360014_GBAP1(2630).2_19","TCAAGGTAGGCATTCTAGCTTTTTCAGGCCCTGAGGGCCCTGATGTCTGGGGGTTGAGAAACTGTAGGGTAGGTCTGCTTGTACAGACATTTTGTCCCCTGCTGTTTTGTCCTGGGGGTG","GBAP1(2630)","747793","52.5","Exonic"
"227","chr1",155186799,155186919,121,"-","747793_36360014_GBAP1(2630).2_20","GGTGGGAGGGTGGGGGCTAATGGCTGAACCGGATGCACTGGTTGGGCTAGTATGTGTTCCAACTCTGGGTGCTTCTCTCTTCACTACCTTTGTCTCTAGATACCCCTGATTCACCGAGCC","GBAP1(2630)","747793","55","Exonic"
"228","chr1",155186683,155186803,121,"-","747793_36360014_GBAP1(2630).2_21","AGCCCTGCAGTTGGCCCAGCGTCCCGTTTCACTCCTTGCCAGCCCCTGGACATCACCCACTCGGCTCAAGACCAAGGGAGCGGGGAATGGGAAGGGGCCACTCAAGGGACAGCCCAGAGA","GBAP1(2630)","747793","64.17","Exonic"
"229","chr1",155186567,155186687,121,"-","747793_36360014_GBAP1(2630).2_22","GAGACATCTACCACCAGACCTGGGCCAGATACATTGTGAAGTAAGGGATCAGCAAGGATGTGGGATCAGGACTGGCCTCCCCTTTGGCCATGCTGATCTGTGTCCCAACCCTCAACCTGG","GBAP1(2630)","747793","55","Exonic"
"230","chr1",155186335,155186455,121,"-","747793_36360014_GBAP1(2630).2_24","CCCACTTTCTTGGCTGGATCATTCATGACCTTTCTCTTGCCAGGTTCCTGGATGCCTATGCTGAGCACAAGTTACAGTTCTGGGCAGTGACAGCTGAAAATGAGCCTTCTGCTGGGCTGT","GBAP1(2630)","747793","50.83","Exonic"
"231","chr1",155186219,155186339,121,"-","747793_36360014_GBAP1(2630).2_25","CTGTTGAGTGGATACCCCTTCCAGTGCCTGGGCTTCACCCCTGAACATCAGCGAGACTTCATTGCCCGTGACCTAGGTCCTACCCTTGCCAACGGTACTCACCACAATGTCCGCCTACTC","GBAP1(2630)","747793","56.67","Exonic"
"232","chr1",155186103,155186223,121,"-","747793_36360014_GBAP1(2630).2_26","ACTCATGCTGGATGACCAACGCTTGCTGCTGCCCCACTGGGCAAAGGTGGTAAGGCCTGGACCTCCATGGTGCTCCAGTGACCTTCAAATCCAGCATCCAAATGATTGGCTCCCAAACTT","GBAP1(2630)","747793","54.17","Exonic"
"233","chr1",155194670,155194790,121,"-","747793_36360025_GBAP1(2630).13_1","GCTCCAGCGACCATGCCTGGCTGAATGAAGAGCTTTGAGATTTTGAAGAAACAGGAACCATGAAATTTGCTTTGCAACTGTTTGCAACCTTTAAGGAAGACTGAAAAGGCATTCCTGAAG","GBAP1(2630)","747793","43.33","Exonic"
"234","chr1",155194602,155194722,121,"-","747793_36360025_GBAP1(2630).13_2","GCTTTGCAACTGTTTGCAACCTTTAAGGAAGACTGAAAAGGCATTCCTGAAGCATGTGAGAAGCAGTCTGTGTGACCTGATGACTCAGAACTGCTTGGAATTTAGATTAGGACAGATATG","GBAP1(2630)","747793","42.5","Exonic"
"235","chr1",155197214,155197334,121,"-","747793_36360029_GBAP1(2630).17_1","CCCCAGGGCTGCTTTTCTCGCGGCACGGGTGGTGGGGCTGCTTCTTGACTTCCGCGCCTAGTGCGCAGGGCCCCATTCTCCAGTCCCGCCCACGCGCCTTTGGAGGCTGCGGTGGGATTT","GBAP1(2630)","747793","67.5","Exonic"
"236","chr1",155197094,155197214,121,"-","747793_36360029_GBAP1(2630).17_2","CCTTTTGCCTTCGGTTGGGGCTGCTGTTTCTCTTCGCCGACGGTAGGCATTATAAATATTTCGCCCTTTGAATTTTAGCTCTCCCCTCCCGGCGTTCGCACTTAGCCTTTTTCATCATTA","GBAP1(2630)","747793","48.33","Exonic"
"237","chr4",90646370,90646490,121,"-","747793_36360030_SNCA(6622).1_1","TCTCTTTTTTTTTTTTTTTTTACAGGAAATGCCTTTAAACATCGTTGGAACTACCAGAGTCACCTTAAAGGAGATCAATTCTCTAGACTGATAAAAATTTCATGGCCTCCTTTAAATGTT","SNCA(6622)","747793","31.67","Exonic"
"238","chr4",90646256,90646376,121,"-","747793_36360030_SNCA(6622).1_2","AATGTTGCCAAATATATGAATTCTAGGATTTTTCCTTAGGAAAGGTTTTTCTCTTTCAGGGAAGATCTATTAACTCCCCATGGGTGCTGAAAATAAACTTGATGGTGAAAAACTCTGTAT","SNCA(6622)","747793","34.17","Exonic"
"239","chr4",90646142,90646262,121,"-","747793_36360030_SNCA(6622).1_3","CTGTATAAATTAATTTAAAAATTATTTGGTTTCTCTTTTTAATTATTCTGGGGCATAGTCATTTCTAAAAGTCACTAGTAGAAAGTATAATTTCAAGACAGAATATTCTAGACATGCTAG","SNCA(6622)","747793","25.83","Exonic"
"240","chr4",90646028,90646148,121,"-","747793_36360030_SNCA(6622).1_4","TGCTAGCAGTTTATATGTATTCATGAGTAATGTGATATATATTGGGCGCTGGTGAGGAAGGAAGGAGGAATGAGTGACTATAAGGATGGTTACCATAGAAACTTCCTTTTTTACCTAATT","SNCA(6622)","747793","36.67","Exonic"
"241","chr4",90645914,90646034,121,"-","747793_36360030_SNCA(6622).1_5","CTAATTGAAGAGAGACTACTACAGAGTGCTAAGCTGCATGTGTCATCTTACACTAGAGAGAAATGGTAAGTTTCTTGTTTTATTTAAGTTATGTTTAAGCAAGGAAAGGATTTGTTATTG","SNCA(6622)","747793","33.33","Exonic"
"242","chr4",90645800,90645920,121,"-","747793_36360030_SNCA(6622).1_6","TTATTGAACAGTATATTTCAGGAAGGTTAGAAAGTGGCGGTTAGGATATATTTTAAATCTACCTAAAGCAGCATATTTTAAAAATTTAAAAGTATTGGTATTAAATTAAGAAATAGAGGA","SNCA(6622)","747793","25.83","Exonic"
"243","chr4",90645686,90645806,121,"-","747793_36360030_SNCA(6622).1_7","AGAGGACAGAACTAGACTGATAGCAGTGACCTAGAACAATTTGAGATTAGGAAAGTTGTGACCATGAATTTAAGGATTTATGTGGATACAAATTCTCCTTTAAAGTGTTTCTTCCCTTAA","SNCA(6622)","747793","35","Exonic"
"244","chr4",90645572,90645692,121,"-","747793_36360030_SNCA(6622).1_8","CCTTAATATTTATCTGACGGTAATTTTTGAGCAGTGAATTACTTTATATATCTTAATAGTTTATTTGGGACCAAACACTTAAACAAAAAGTTCTTTAAGTCATATAAGCCTTTTCAGGAA","SNCA(6622)","747793","27.5","Exonic"
"245","chr4",90645458,90645578,121,"-","747793_36360030_SNCA(6622).1_9","CAGGAAGCTTGTCTCATATTCACTCCCGAGACATTCACCTGCCAAGTGGCCTGAGGATCAATCCAGTCCTAGGTTTATTTTGCAGACTTACATTCTCCCAAGTTATTCAGCCTCATATGA","SNCA(6622)","747793","45","Exonic"
"246","chr4",90645344,90645464,121,"-","747793_36360030_SNCA(6622).1_10","ATATGACTCCACGGTCGGCTTTACCAAAACAGTTCAGAGTGCACTTTGGCACACAATTGGGAACAGAACAATCTAATGTGTGGTTTGGTATTCCAAGTGGGGTCTTTTTCAGAATCTCTG","SNCA(6622)","747793","43.33","Exonic"
"247","chr4",90645233,90645350,118,"-","747793_36360030_SNCA(6622).1_11","TCTCTGCACTAGTGTGAGATGCAAACATGTTTCCTCATCTTTCTGGCTTATCCAGTATGTAGCTATTTGTGACATAATAAATATATACATATATGAAAATATGTATTTGGTTTCTGC","SNCA(6622)","747793","32.48","Exonic"
"248","chr4",90647709,90647829,121,"-","747793_36360031_SNCA(6622).2_3","TGATTTTTCTAATATTAGGAAGGGTATCAAGACTACGAACCTGAAGCCTAAGAAATATCTTTGCTCCCAGTTTCTTGAGATCTGCTGACAGATGTTCCATCCTGTACAAGTGCTCAGTTC","SNCA(6622)","747793","40","Exonic"
"249","chr4",90647601,90647721,121,"-","747793_36360031_SNCA(6622).2_4","AGTGCTCAGTTCCAATGTGCCCAGTCATGACATTTCTCAAAGTTTTTACAGTGTATCTCGAAGTCTTCCATCAGCAGTGATTGAAGTATCTGTACCTGCCCCCACTCAGCATTTCGGTGC","SNCA(6622)","747793","45.83","Exonic"
"250","chr4",90647493,90647613,121,"-","747793_36360031_SNCA(6622).2_5","GCATTTCGGTGCTTCCCTTTCACTGAAGTGAATACATGGTAGCAGGGTCTTTGTGTGCTGTGGATTTTGTGGCTTCAATCTACGATGTTAAAACAAATTAAAAACACCTAAGTGACTACC","SNCA(6622)","747793","40.83","Exonic"
"251","chr4",90647385,90647505,121,"-","747793_36360031_SNCA(6622).2_6","TAAGTGACTACCACTTATTTCTAAATCCTCACTATTTTTTTGTTGCTGTTGTTCAGAAGTTGTTAGTGATTTGCTATCATATATTATAAGATTTTTAGGTGTCTTTTAATGATACTGTCT","SNCA(6622)","747793","28.33","Exonic"
"252","chr4",90647277,90647397,121,"-","747793_36360031_SNCA(6622).2_7","ATGATACTGTCTAAGAATAATGACGTATTGTGAAATTTGTTAATATATATAATACTTAAAAATATGTGAGCATGAAACTATGCACCTATAAATACTAAATATGAAATTTTACCATTTTGC","SNCA(6622)","747793","23.33","Exonic"
"253","chr4",90647169,90647289,121,"-","747793_36360031_SNCA(6622).2_8","TTACCATTTTGCGATGTGTTTTATTCACTTGTGTTTGTATATAAATGGTGAGAATTAAAATAAAACGTTATCTCATTGCAAAAATATTTTATTTTTATCCCATCTCACTTTAATAATAAA","SNCA(6622)","747793","23.33","Exonic"
"254","chr4",90647061,90647181,121,"-","747793_36360031_SNCA(6622).2_9","TTTAATAATAAAAATCATGCTTATAAGCAACATGAATTAAGAACTGACACAAAGGACAAAAATATAAAGTTATTAATAGCCATTTGAAGAAGGAGGAATTTTAGAAGAGGTAGAGAAAAT","SNCA(6622)","747793","25.83","Exonic"
"255","chr4",90646953,90647073,121,"-","747793_36360031_SNCA(6622).2_10","GGTAGAGAAAATGGAACATTAACCCTACACTCGGAATTCCCTGAAGCAACACTGCCAGAAGTGTGTTTTGGTATGCACTGGTTCCTTAAGTGGCTGTGATTAATTATTGAAAGTGGGGTG","SNCA(6622)","747793","43.33","Exonic"
"256","chr4",90650404,90650524,121,"-","747793_36360036_SNCA(6622).7_4","TATATGTAAGATTTTTCCAAAACATGGTTCTGATTTTTAAAAGTGAAAAATGCTACTTCATCATGTTCTTTTTGTGCTTCTTACTTTAAATATTAGAATGAAGAAGGAGCCCCACAGGAA","SNCA(6622)","747793","30","Exonic"
"257","chr4",90650307,90650427,121,"-","747793_36360036_SNCA(6622).7_5","ATGAAGAAGGAGCCCCACAGGAAGGAATTCTGGAAGATATGCCTGTGGATCCTGACAATGAGGCTTATGAAATGCCTTCTGAGGTAGGAGTCCAAGCTGAATCTTTCTAACAAGACAGTA","SNCA(6622)","747793","45","Exonic"
"258","chr4",90743444,90743564,121,"-","747793_36360113_SNCA(6622).84_5","TGTTGTTGCTCTTTATTTGTACCAGTGGCTGAGAAGACCAAAGAGCAAGTGACAAATGTTGGAGGAGCAGTGGTGACGGGTGTGACAGCAGTAGCCCAGAAGACAGTGGAGGGAGCAGGG","SNCA(6622)","747793","51.67","Exonic"
"259","chr4",90743333,90743453,121,"-","747793_36360113_SNCA(6622).84_6","GGAGCAGGGAGCATTGCAGCAGCCACTGGCTTTGTCAAAAAGGACCAGTTGGGCAAGGTATGGCTGTGTACGTTTTGTGTTACATTTATAAGCTGGTGAGATTACGGTTCATTTTCATGT","SNCA(6622)","747793","45.83","Exonic"
"260","chr4",90749335,90749455,121,"-","747793_36360119_SNCA(6622).90_1","GAAGATATAATAATATATATACTTCTGAAGATTGAGATTTTTAAATTAGTTGTATTGAAAACTAGCTAATCAGCAATTTAAGGCTAGCTTGAGACTTATGTCTTGAATTTGTTTTTGTAG","SNCA(6622)","747793","25.83","Exonic"
"261","chr4",90749224,90749344,121,"-","747793_36360119_SNCA(6622).90_2","TTTTTGTAGGCTCCAAAACCAAGGAGGGAGTGGTGCATGGTGTGGCAACAGGTAAGCTCCATTGTGCTTATATCCAAAGATGATATTTAAAGTATCTAGTGATTAGTGTGGCCCAGTATT","SNCA(6622)","747793","41.67","Exonic"
"262","chr4",90758214,90758334,121,"-","747793_36360126_SNCA(6622).97_1","GGAGGACTAGGAGGAGGAGGACGGCGACGACCAGAAGGGGCCCAAGAGAGGGGGCGAGCGACCGAGCGCCGCGACGCGGAAGTGAGGTGCGTGCGGGCTGCAGCGCAGACCCCGGCCCGG","SNCA(6622)","747793","74.17","Exonic"
"263","chr4",90758098,90758218,121,"-","747793_36360126_SNCA(6622).97_2","CCGGCCCCTCCGAGAGCGTCCTGGGCGCTCCCTCACGCCTTGCCTTCAAGCCTTCTGCCTTTCCACCCTCGTGAGCGGAGAACTGGGAGTGGCCATTCGACGACAGGTTAGCGGGTTTGC","SNCA(6622)","747793","65","Exonic"
"264","chr4",90757982,90758102,121,"-","747793_36360126_SNCA(6622).97_3","TTGCCTCCCACTCCCCCAGCCTCGCGTCGCCGGCTCACAGCGGCCTCCTCTGGGGACAGTCCCCCCCGGGTGCCGCCTCCGCCCTTCCTGTGCGCTCCTTTTCCTTCTTCTTTCCTATTA","SNCA(6622)","747793","66.67","Exonic"
"265","chr4",90757866,90757986,121,"-","747793_36360126_SNCA(6622).97_4","ATTAAATATTATTTGGGAATTGTTTAAATTTTTTTTTTAAAAAAAGAGAGAGGCGGGGAGGAGTCGGAGTTGTGGAGAAGCAGAGGGACTCAGGTAAGTACCTGTGGATCTAAACGGGCG","SNCA(6622)","747793","40","Exonic"
"266","chr4",90757286,90757406,121,"-","747793_36360126_SNCA(6622).97_9","TTGGAGACGGCCCGCGAGTGTGAGCGGCGCCTGCTCAGGGTAGATAGCTGAGGGCGGGGGTGGATGTTGGATGGATTAGAACCATCACACTTGGGCCTGCTGTTTGCCTGAGTTTGAACC","SNCA(6622)","747793","59.17","Exonic"
"267","chr4",90757170,90757290,121,"-","747793_36360126_SNCA(6622).97_10","AACCACACCCCGAGTGAGCAGTTAGTTCTGTTGCCTACGCCTTTCCACCATCAACCTGTTAGCCTTCTTCTGGGATTCATGTTAAGGATACCCCTGACCCTAAGCCTCCAGCTTCCATGC","SNCA(6622)","747793","51.67","Exonic"
"268","chr4",90756822,90756942,121,"-","747793_36360126_SNCA(6622).97_13","AAGAGTCTCACACTTTGGAGGGTTTCTCATGATTTTTCAGTGTTTTTTGTTTATTTTTCCCCGAAAGTTCTCATTCAAAGTGTATTTTATGTTTTCCAGTGTGGTGTAAAGGAATTCATT","SNCA(6622)","747793","33.33","Exonic"
"269","chr4",90756706,90756826,121,"-","747793_36360126_SNCA(6622).97_14","CATTAGCCATGGATGTATTCATGAAAGGACTTTCAAAGGCCAAGGAGGGAGTTGTGGCTGCTGCTGAGAAAACCAAACAGGGTGTGGCAGAAGCAGCAGGAAAGACAAAAGAGGGTGTTC","SNCA(6622)","747793","48.33","Exonic"
"270","chr4",90756590,90756710,121,"-","747793_36360126_SNCA(6622).97_15","GTTCTCTATGTAGGTAGGTAAACCCCAAATGTCAGTTTGGTGCTTGTTCATGAGTGATGGGTTAGGATAATCAATACTCTAAATGCTGGTAGTTCTCTCTCTTGATTCATTTTTGCATCA","SNCA(6622)","747793","38.33","Exonic"
"271","chr4",90758347,90758466,120,"-","747793_36360127_SNCA(6622).98_3","CCCTGCCCCATCCCCATCCGAGATAGGGACGAGGAGCACGCTGCAGGGAAAGCAGCGAGCGCCGGGAGAGGGGCGGGCAGAAGCGCTGACAAATCAGCGGTGGGGGCGGAGAGCCGAGG","SNCA(6622)","747793","69.75","Exonic"
"272","chr4",90759352,90759472,121,"-","747793_36360128_SNCA(6622).99_1","GCTAGTGGGAGGAGCTTGCTTCTCCATTCTGGTGTGATCCAGGAACAGCTGTCTTCCAGCTCTGAAAGAGGTGAAAATGTGTTAAGCGATGCAAAAATTGTCTTGAAGTTCGCGTGTGTA","SNCA(6622)","747793","46.67","Exonic"
"273","chr4",90757496,90757616,121,"+","747794_36360129_+.1_1","TGGCCTCCTTGCACTTCCATTTCATTATTTGCCAAACGCAGCTTGCTTACTTTACAGAGAAAAACCAAGAGAGCGGGCAGACAGATTTTATGTGAGAGAAAAGTTGGATGCTCACGCTCC","SNCA-AS1(644248)","747794","45","Exonic"
"274","chr4",90757616,90757736,121,"+","747794_36360129_+.1_2","ATGGAGCATCCTCGCGTTTCCCGGGGAAAAGCGGATCCCGGAGAAGCAGCCTAATCTCTCAGCCCTTGTGGAGAAGGGAATATCAGAAGCAGGACGAAAGCCAGGTCAAGTCTCTTTCCT","SNCA-AS1(644248)","747794","54.17","Exonic"
"275","chr4",90757736,90757856,121,"+","747794_36360129_+.1_3","TAGGCTCCCCAAAGGGACAAGTACTCACCTCCCAGAGACCTGGCCCAGCGGGTCCTCATGGCAGCACCACCCCCTCCCGGTGCCCACGACCATTCGTCTCCCATCCGGCGTTCTCCAGGA","SNCA-AS1(644248)","747794","65","Exonic"
"276","chr4",90757856,90757976,121,"+","747794_36360129_+.1_4","TTTCCAAAGACGCCCGTTTAGATCCACAGGTACTTACCTGAGTCCCTCTGCTTCTCCACAACTCCGACTCCTCCCCGCCTCTCTCTTTTTTTAAAAAAAAAATTTAAACAATTCCCAAAT","SNCA-AS1(644248)","747794","42.5","Exonic"
"277","chr4",90759336,90759456,121,"+","747794_36360131_+.3_7","CACATGCACACAGACATACACACGCGAACTTCAAGACAATTTTTGCATCGCTTAACACATTTTCACCTCTTTCAGAGCTGGAAGACAGCTGTTCCTGGATCACACCAGAATGGAGAAGCA","SNCA-AS1(644248)","747794","45","Exonic"
"278","chr4",90759453,90759573,121,"+","747794_36360131_+.3_8","GCAAGCTCCTCCCACTAGCAGAAAGCCTTTGCTTTCTGTGCCTGGATTCGGAAGATTAGTTAAGCACTGGAAGAGGAGGGGGGAAACAACAACTCGTTTTTGCTGTATGTTTTTTTTTTA","SNCA-AS1(644248)","747794","44.17","Exonic"
"279","chr4",90762405,90762525,121,"+","747794_36360134_+.6_13","TGCAAGATTCCAAGATTAAAGATGTTAAAGCCAGATAGAAAAGATATTTAAATATTTCAAAATCTAACAAGTTCAAATGACTTTAGTTTTAGAAAGAAAAAAACACATTAATGAGCCCAA","SNCA-AS1(644248)","747794","25.83","Exonic"
"280","chr4",90762521,90762638,118,"+","747794_36360134_+.6_14","CCAAGAAATACACGCAACTCTGCAACTCTGGTGAGCATGATAGACTTCTAAGAGTAAATGTACTAGATACAACCTAAATTCAGGGACTTATTAAAGCTCTACTACTCATTACTAGTG","SNCA-AS1(644248)","747794","37.61","Exonic"
"281","chr4",90762783,90762903,121,"+","747794_36360135_+.7_1","TACAAGTAGCTATTGTTATTATCTAGCCTCCATGTTTTGGGTGTCCTAGGACATGCTTTTTTTTTTTTTCCATTGCAGTAGATTTCCACCTGTTCCCATCCTCCACAGTCTCCCATCCCA","SNCA-AS1(644248)","747794","41.67","Exonic"
"282","chr4",90762903,90763023,121,"+","747794_36360135_+.7_2","CCAGCAACACACGTGAGATATCTGATGCCTTCCCATCAATAACTCTCACTTAGTATGGGTAAGCAAAAAATTTCCAACCAGGGATGGAAGTTGTGGAGAGATAGAGTGGGAAAGCTCAAG","SNCA-AS1(644248)","747794","44.17","Exonic"
"283","chr4",90763023,90763143,121,"+","747794_36360135_+.7_3","GAGCATTGATAGGGATCATTAATTAAAAATCTACCAAACATCTCTTTCTCTCCCTAATGTGCGAGTTACAATAACATCACTCAAAGCAGTTTGCAGCCACAGCTTGAAGAAATACAGTAA","SNCA-AS1(644248)","747794","36.67","Exonic"
